size_of_data,virtual_address,entropy,malware
51712,4096,6.611198891,0
28672,4096,6.497884652,0
24064,4096,6.372287631,0
1269248,4096,6.363903091,0
32256,4096,6.2615638,0
18944,4096,6.426764006,0
429568,4096,6.375180318,0
790528,4096,6.054359765,0
5120,4096,5.671426812,0
136704,4096,6.595292753,0
28672,4096,6.497884652,0
415232,4096,6.269254,0
18944,4096,6.704828418,0
12288,4096,6.261389419,0
270336,4096,6.487768106,0
28672,4096,6.497884652,0
5632,4096,5.578242631,0
95744,4096,6.344437158,0
1695744,4096,6.511289973,0
29184,4096,6.471418343,0
28672,4096,6.497884652,0
28672,4096,6.497884652,0
2041344,4096,6.10953603,0
64512,4096,6.28829228,0
13824,4096,6.144905965,0
14848,4096,6.309422257,0
33280,4096,6.197791348,0
232960,4096,6.366876079,0
28672,4096,6.497884652,0
1950720,4096,6.650195475,0
23552,4096,6.184977603,0
43008,4096,6.281718123,0
18432,4096,6.298184182,0
20480,4096,6.403151757,0
25088,4096,6.469682612,0
28672,4096,6.497884652,0
36864,4096,6.587315493,0
28672,4096,6.497884652,0
3584,4096,5.471593211,0
28672,4096,6.497884652,0
24872448,4096,6.291822582,0
28672,4096,6.497884652,0
1698304,4096,6.537396644,0
966144,4096,6.46574132,0
28672,4096,6.497884652,0
299008,4096,6.321190021,0
28672,4096,6.497884652,0
47104,4096,6.620829134,0
274432,4096,6.691550237,0
102912,4096,6.329040975,0
3072,4096,5.716565112,0
111104,4096,6.394937152,0
28672,4096,6.497884652,0
5632,4096,5.675128504,0
10752,4096,6.442368561,0
28160,4096,6.318992861,0
35840,4096,6.305845282,0
466944,4096,6.655914168,0
94208,4096,6.548785603,0
6144,4096,5.875489302,0
94208,8192,6.00482247,0
1643008,4096,6.647946843,0
13824,4096,6.400923045,0
1570304,4096,6.514986564,0
81920,4096,6.630415998,0
4608,4096,5.762889908,0
284160,4096,6.71482153,0
7691264,4096,6.452042105,0
441344,4096,6.531486752,0
94208,4096,6.538409476,0
88064,4096,6.633410294,0
28672,4096,6.497884652,0
28672,4096,6.497884652,0
4096,4096,3.689712599,0
90112,4096,6.37006593,0
840704,4096,6.773746968,0
12288,8192,5.078614309,0
10752,4096,6.1027874,0
14336,4096,6.466260695,0
28672,4096,6.497884652,0
28672,4096,6.497884652,0
59392,4096,7.054930918,0
1267200,4096,6.534501237,0
45056,4096,6.686549286,0
218624,4096,6.202121347,0
28672,4096,6.497884652,0
122880,4096,6.588404472,0
915456,4096,6.090768764,0
651776,4096,6.633392658,0
81920,4096,6.585118777,0
98304,4096,6.589233028,0
452608,4096,6.714529675,0
347648,4096,5.78500718,0
7680,4096,6.339454733,0
77312,4096,6.223571264,0
20480,4096,6.426251315,0
248320,4096,6.350289538,0
149504,4096,6.495141878,0
28672,4096,6.497884652,0
28672,4096,6.497884652,0
434176,4096,6.300480754,0
20992,4096,6.428750332,0
47616,4096,6.46415789,0
803840,4096,6.125991522,0
4096,4096,5.765615704,0
27136,4096,6.349944828,0
209920,4096,6.453278049,0
217088,4096,6.633619292,0
12288,4096,6.077483299,0
119808,4096,6.626712052,0
204288,4096,6.722667711,0
6144,4096,6.090327609,0
12288,4096,6.34403529,0
38912,4096,6.212168414,0
2421248,4096,6.113952578,0
16384,4096,6.428337708,0
3584,4096,6.083691194,0
814080,4096,6.404287818,0
1113600,4096,6.554508629,0
23040,4096,6.168043841,0
32256,4096,6.281108471,0
28672,4096,6.497884652,0
28672,4096,6.497884652,0
28672,4096,6.497884652,0
28672,4096,6.497884652,0
2198016,4096,6.652484765,0
28672,4096,6.497884652,0
18944,4096,6.120902705,0
112640,4096,6.279423609,0
2247168,4096,6.598921678,0
6656,4096,5.803746141,0
24576,4096,6.434685972,0
1555968,4096,6.564010239,0
25088,4096,6.248865685,0
100864,4096,6.555980674,0
90112,4096,6.681643837,0
20480,8192,4.708717213,0
28672,4096,6.497884652,0
50688,4096,6.403876953,0
51200,4096,5.901171206,0
2823168,4096,6.313293924,0
28672,4096,6.497884652,0
33792,4096,6.185099157,0
11776,4096,5.905714689,0
5120,4096,5.732416047,0
28672,4096,6.497884652,0
609280,4096,6.531012321,0
40960,8192,5.294196477,0
146432,4096,6.649993809,0
105984,4096,5.949026936,0
20992,4096,5.934566098,0
3584,4096,6.060402971,0
247808,4096,5.132808188,0
3874816,4096,6.375680615,0
28672,4096,6.497884652,0
69632,4096,6.102319314,0
73728,4096,6.117584355,0
342016,4096,6.343881463,0
156160,4096,6.425672908,0
28672,4096,6.497884652,0
26112,4096,6.439070284,0
20480,4096,6.40349327,0
125440,4096,6.638601367,0
564224,4096,6.280126108,0
15872,4096,6.287358795,0
24576,4096,6.236085728,0
28672,4096,6.497884652,0
2388480,4096,6.584625649,0
28672,4096,6.497884652,0
44032,4096,6.47512791,0
86016,4096,6.630154128,0
934912,4096,6.058017377,0
26112,4096,6.439070284,0
58880,4096,6.269379048,0
18944,4096,6.231690809,0
28672,4096,6.497884652,0
3924480,4096,6.419227846,0
12800,4096,6.234854573,0
175104,4096,6.29093337,0
28672,4096,6.497884652,0
28672,4096,6.497884652,0
13824,4096,6.171354498,0
1110528,4096,6.619888221,0
41984,4096,6.289035026,0
28672,4096,6.497884652,0
115200,4096,6.632145039,0
125440,4096,6.65367754,0
1759744,4096,6.468978869,0
87040,4096,6.335167269,0
9728,4096,5.86992196,0
184320,4096,6.167991878,0
4392448,4096,6.475398071,0
10752,4096,5.985408704,0
1211904,4096,6.252348221,0
64512,4096,6.528057372,0
28672,4096,6.497884652,0
28672,4096,6.497884652,0
106496,4096,6.637422587,0
677888,4096,6.239445794,0
8192,4096,3.964478859,0
30720,4096,6.316703876,0
28160,4096,6.263048103,0
3741696,4096,6.489673356,0
80896,4096,6.320747524,0
94208,4096,6.50421052,0
88576,4096,6.60293444,0
86016,4096,6.564278111,0
108544,4096,5.90037825,0
1243136,4096,6.559685124,0
1801216,4096,5.635102777,0
2580480,4096,6.726416205,0
18552320,4096,6.685830791,0
1286656,4096,6.580031792,0
152576,4096,6.605005114,0
842752,4096,6.01751029,0
43008,4096,6.262239947,0
546304,4096,6.452293847,0
27648,4096,6.24619246,0
28672,4096,6.497884652,0
51200,4096,6.075575447,0
5120,4096,5.672434692,0
90112,4096,6.516518185,0
26112,4096,6.416222666,0
28672,4096,6.497884652,0
94208,4096,6.648594654,0
565248,4096,6.264816921,0
6144,4096,6.263133359,0
49152,4096,6.128809079,0
2307072,4096,6.294002903,0
297984,4096,6.49382672,0
28672,4096,6.497884652,0
1914368,4096,6.089797954,0
94208,4096,6.625430383,0
17920,4096,6.416508057,0
3663872,4096,6.492798589,0
62976,4096,6.629019971,0
28672,4096,6.497884652,0
2674688,4096,6.482051215,0
16384,4096,6.228262723,0
28672,4096,6.497884652,0
292864,4096,6.574801351,0
137728,4096,6.576595018,0
102400,4096,6.694660088,0
53248,4096,6.055930889,0
24576,8192,4.943122476,0
45568,4096,6.31494108,0
83968,4096,6.516503721,0
5632,4096,6.171122671,0
4036608,4096,6.785378231,0
2489856,4096,6.107001996,0
28672,4096,6.497884652,0
237568,4096,6.372682243,0
71168,4096,6.235106982,0
11776,4096,6.306808658,0
61440,4096,6.42257346,0
28672,4096,6.497884652,0
355840,4096,5.787122672,0
15360,4096,6.337612075,0
16896,4096,6.335975299,0
9392128,4096,6.463983441,0
1767424,4096,5.98548612,0
28672,4096,6.497884652,0
10240,4096,6.089025796,0
25600,4096,6.556298791,0
28672,4096,6.497884652,0
10240,4096,5.998733406,0
1196208,4096,5.977593849,0
7168,4096,6.339558276,0
266240,4096,6.101251687,0
28672,4096,6.497884652,0
474624,4096,6.616863248,0
201216,4096,6.429584937,0
5126144,4096,6.607344431,0
28672,4096,6.497884652,0
6144,4096,5.748146908,0
4203520,4096,6.471745584,0
3584,4096,6.049015443,0
22528,8192,5.384854436,0
33792,4096,6.550389065,0
20480,4096,6.067981538,0
83456,4096,6.18391669,0
9728,4096,6.143337383,0
138240,4096,6.379350716,0
28672,4096,6.497884652,0
407552,4096,6.394242094,0
28672,4096,6.497884652,0
2074112,4096,6.608392648,0
90112,4096,6.646421365,0
37888,4096,5.880602668,0
35840,4096,6.311477038,0
28672,4096,6.497884652,0
595456,4096,6.624106266,0
3584,4096,6.083816385,0
4050432,4096,6.407508113,0
145408,4096,6.184851748,0
62976,4096,6.346523324,0
51712,4096,6.611198891,0
28672,4096,6.497884652,0
401408,4096,6.537152905,0
257536,4096,6.108309636,0
28672,4096,6.497884652,0
9216,4096,6.200817889,0
206336,4096,6.187878245,0
81920,4096,6.666613977,0
28672,4096,6.497884652,0
28672,4096,6.497884652,0
28672,4096,6.497884652,0
602624,4096,6.38396127,0
15360,4096,6.121054847,0
169984,4096,5.948752811,0
162816,4096,6.624274799,0
162304,4096,6.203138215,0
131072,8192,5.670329864,0
25600,4096,6.480448376,0
76800,4096,6.100767323,0
761856,4096,6.472505465,0
8192,4096,6.005018135,0
73216,4096,6.655806611,0
65024,4096,6.350695931,0
2495488,4096,6.308329573,0
51712,4096,6.338586292,0
620544,4096,6.533983085,0
28672,4096,6.497884652,0
4608,4096,5.957251207,0
86016,4096,6.591027481,0
46592,4096,6.249031291,0
208960,4096,6.133010372,0
122368,4096,6.354091818,0
10240,4096,6.093075321,0
70144,4096,6.056540468,0
131072,4096,6.626592504,0
4096,4096,5.367456061,0
43008,4096,7.241744363,0
33280,4096,5.865202395,0
28672,4096,6.497884652,0
2199552,4096,6.375461678,0
381952,4096,6.649128714,0
28672,4096,6.497884652,0
5120,4096,5.793948839,0
27136,4096,6.221196358,0
15360,4096,6.293378938,0
135168,4096,6.537691556,0
5120,4096,5.696930559,0
718336,4096,6.389210305,0
112128,4096,5.575838158,0
8192,4096,6.134030184,0
498688,4096,6.675255436,0
8511488,4096,6.299614068,0
28672,4096,6.497884652,0
28672,4096,6.497884652,0
439296,4096,6.428977856,0
8076288,4096,6.698063457,0
28672,4096,6.497884652,0
64512,4096,6.582047856,0
1679360,4096,6.64321293,0
3584,4096,5.987174914,0
25600,4096,6.479451209,0
34304,4096,5.509007777,0
39936,4096,6.481445091,0
28672,4096,6.497884652,0
220672,4096,6.703845012,0
12288,4096,6.209221057,0
24576,4096,6.292650255,0
28672,4096,6.497884652,0
397824,4096,6.145858878,0
1750016,4096,6.478131714,0
74240,4096,6.619875309,0
28672,4096,6.497884652,0
3030016,4096,6.49020925,0
28672,4096,6.497884652,0
190464,4096,6.484379592,0
28672,4096,6.497884652,0
768000,4096,6.579148586,0
398336,4096,6.066499286,0
28672,4096,6.497884652,0
141312,4096,6.51493697,0
217088,4096,6.493222365,0
1611264,4096,6.545286516,0
26112,4096,6.416222666,0
36864,4096,6.286973674,0
558080,4096,6.283312669,0
9594880,4096,6.318244192,0
125440,4096,6.742221843,0
162304,4096,6.394566674,0
126976,4096,6.345083841,0
1536,4096,5.805353428,0
25600,4096,6.479451209,0
81920,4096,6.621295317,0
28672,4096,6.497884652,0
12800,4096,6.326295682,0
28672,4096,6.497884652,0
87040,4096,6.352613207,0
45568,4096,5.494751871,0
80384,4096,6.018186031,0
222208,4096,6.379245282,0
9934848,4096,6.003455895,0
1385472,4096,6.353008886,0
28672,4096,6.497884652,0
11264,4096,6.121659105,0
47616,4096,6.46415789,0
4418560,4096,6.5598438,0
5632,4096,5.578242631,0
246272,4096,6.520241885,0
33280,4096,6.365152167,0
33792,4096,6.295712104,0
28672,4096,6.497884652,0
2560,8192,5.398434784,0
11776,4096,6.163112928,0
6144,4096,5.757107831,0
4096,4096,5.793433356,0
19123200,4096,6.703396613,0
1024,4096,5.272514904,0
75776,4096,6.612341252,0
559104,4096,6.443930899,0
434688,4096,5.979281836,0
60928,4096,6.328540461,0
16384,8192,4.622744224,0
109056,4096,6.07216996,0
22528,4096,6.316338969,0
24576,4096,6.452257292,0
186880,4096,6.543465979,0
256512,4096,6.688976825,0
2035200,4096,6.4345413,0
151040,4096,6.219354667,0
12288,4096,5.898140545,0
28672,4096,6.497884652,0
114688,4096,6.397378519,0
1621504,4096,6.155624786,0
33280,4096,6.389137658,0
758272,4096,6.547767074,0
378368,4096,6.049830332,0
66560,4096,6.164261416,0
196096,4096,6.591070383,0
9728,4096,6.117653726,0
253952,4096,5.75682707,0
28672,4096,6.497884652,0
1351168,4096,6.733301142,0
3141632,4096,6.481426172,0
90112,4096,6.571406372,0
1349632,4096,6.068767178,0
13312,4096,6.05716754,0
3079168,4096,6.582595473,0
57344,4096,6.617667816,0
145408,4096,6.756256754,0
68608,4096,6.410591685,0
25088,4096,6.450231726,0
28672,4096,6.497884652,0
159744,4096,6.587650385,0
28672,4096,6.497884652,0
43008,4096,6.444162857,0
28672,4096,6.497884652,0
30208,4096,6.363515342,0
765440,4096,6.385851884,0
962048,4096,6.35948492,0
26112,4096,6.416222666,0
61440,4096,6.533432683,0
35840,4096,6.07320955,0
28672,4096,6.497884652,0
28672,4096,6.497884652,0
28672,4096,6.497884652,0
28672,4096,6.497884652,0
155136,4096,7.480310004,0
28672,4096,6.497884652,0
67584,4096,5.023197009,0
28672,4096,6.497884652,0
3841024,4096,6.371101005,0
37888,4096,6.111466398,0
8192,4096,6.323112158,0
313856,4096,6.50533194,0
28672,4096,6.497884652,0
28672,4096,6.497884652,0
30720,4096,5.900077904,0
10913792,4096,6.060187184,0
428544,4096,6.314542777,0
56320,4096,6.454783475,0
11776,4096,6.042858471,0
53760,4096,6.403226599,0
28672,4096,6.497884652,0
1195520,4096,6.160063891,0
4140544,4096,6.392637829,0
28672,4096,6.497884652,0
5120,4096,5.95143239,0
17920,4096,6.445887795,0
45056,4096,6.359390444,0
535552,4096,6.521817082,0
18221056,4096,6.390758249,0
31232,4096,6.341231119,0
25600,4096,6.480448376,0
67584,4096,6.543951938,0
28672,4096,6.497884652,0
47104,4096,6.352819626,0
3605504,4096,6.444799681,0
9216,4096,6.176892711,0
28672,4096,6.497884652,0
135168,4096,6.561108637,0
28672,4096,6.497884652,0
72704,4096,6.249285995,0
16384,4096,6.213196253,0
1306624,4096,6.460243154,0
146944,4096,6.157066596,0
28672,4096,6.497884652,0
28672,4096,6.497884652,0
53248,4096,6.417950354,0
80896,4096,6.332799409,0
69632,4096,6.52573905,0
205824,4096,6.530700297,0
28672,4096,6.497884652,0
38912,4096,6.421715131,0
28672,4096,6.497884652,0
773632,4096,6.424086185,0
6144,4096,5.779768052,0
1174016,4096,6.569707984,0
179200,4096,6.59555468,0
28672,4096,6.497884652,0
28672,4096,6.497884652,0
1719296,4096,6.562131029,0
822272,4096,6.601338913,0
3610624,4096,6.768020635,0
26624,4096,6.397739355,0
14848,4096,5.858693987,0
28672,4096,6.497884652,0
602624,4096,6.38396127,0
28672,4096,6.497884652,0
1689088,4096,6.053507286,0
8192,4096,6.010465795,0
48128,4096,6.162650324,0
96256,4096,6.067865629,0
28160,4096,6.1932136,0
28672,4096,6.497884652,0
447488,4096,6.422389074,0
28672,4096,6.497884652,0
509952,4096,6.466492654,0
11776,4096,5.976471212,0
34304,4096,6.159501936,0
449536,4096,6.639428388,0
22016,4096,5.64992768,0
397312,4096,6.372289363,0
472064,4096,6.608281047,0
18432,4096,6.342346913,0
811008,4096,6.717796087,0
19456,4096,6.163815598,0
28672,4096,6.497884652,0
179200,4096,6.681844306,0
5632,4096,6.074315993,0
4659200,4096,6.399523285,0
144896,4096,6.608845562,0
6656,4096,6.163154565,0
28672,4096,6.497884652,0
132096,4096,6.21136249,0
1057280,4096,6.654148759,0
28672,4096,6.497884652,0
103424,4096,6.660909541,0
41984,4096,6.211353323,0
3339264,4096,6.576915302,0
28672,4096,6.497884652,0
35840,4096,6.305845282,0
5632,4096,6.214400683,0
30208,4096,6.263883675,0
28672,4096,6.497884652,0
328704,4096,5.901798305,0
38400,4096,6.429150847,0
159232,4096,6.51394504,0
1476096,4096,6.481301531,0
377856,4096,6.188774721,0
28672,4096,6.497884652,0
11264,4096,6.031076305,0
133120,4096,6.536983346,0
1754112,4096,6.413256216,0
235008,4096,6.737218092,0
3372544,4096,6.441371754,0
36864,4096,6.536777518,0
28672,4096,6.497884652,0
157184,4096,6.323314467,0
4096,4096,5.758489937,0
1135616,4096,6.345456944,0
54272,4096,6.373161612,0
225280,4096,6.995907371,0
28672,4096,6.497884652,0
9216,4096,6.142416928,0
103424,4096,6.288516344,0
28672,4096,6.497884652,0
81920,4096,6.576226413,0
45568,4096,6.570573594,0
12288,4096,6.174363651,0
160256,4096,6.400609373,0
26112,4096,6.416222666,0
86016,4096,6.672569895,0
7168,4096,6.150892399,0
1244672,4096,6.466160279,0
36330496,4096,6.560671918,0
4096,4096,5.846218586,0
36864,4096,6.166571977,0
20480,8192,4.702727107,0
28672,4096,6.497884652,0
28672,4096,6.497884652,0
152576,4096,5.89756159,0
413184,4096,6.441797059,0
11776,4096,5.951632274,0
53248,8192,5.240894678,0
135680,4096,6.211939192,0
8495616,4096,6.362584128,0
5632,4096,5.891918829,0
28672,4096,6.497884652,0
223744,4096,6.539705705,0
1328128,4096,6.52866776,0
169984,4096,6.622105903,0
9728,4096,6.111989359,0
28672,4096,6.497884652,0
60928,4096,5.447036591,0
132096,4096,6.664595101,0
28672,4096,6.497884652,0
28672,4096,6.497884652,0
23040,4096,6.222311483,0
111616,4096,6.340540322,0
821248,4096,6.573744325,0
44032,4096,6.394423119,0
28672,4096,6.497884652,0
725504,4096,6.388444758,0
4608,4096,5.893629307,0
2560,4096,5.279049739,0
30208,4096,6.249402247,0
28672,4096,6.497884652,0
171008,4096,6.170341928,0
4036608,4096,6.785378231,0
101888,4096,6.284116034,0
735744,4096,6.413642201,0
535552,4096,6.617815518,0
28672,4096,6.497884652,0
128000,4096,7.576596526,0
46080,4096,5.768007652,0
100864,4096,6.323961547,0
202752,4096,6.738803611,0
126464,4096,6.573361891,0
89600,4096,6.524730958,0
37376,4096,6.561085464,0
19968,4096,6.07335723,0
52736,4096,6.340799039,0
10752,4096,6.120019345,0
8704,4096,6.220601746,0
30720,4096,6.278897903,0
28672,4096,6.497884652,0
164864,4096,6.755720664,0
18432,4096,6.167288547,0
2247168,4096,6.598921678,0
5632,4096,6.107401911,0
18432,4096,6.471186407,0
28672,4096,6.497884652,0
28672,4096,6.497884652,0
2073088,4096,6.553983497,0
28672,4096,6.497884652,0
306688,4096,6.248330519,0
4608,4096,5.512047292,0
44032,4096,6.384005344,0
12800,4096,6.256295195,0
374272,180224,5.503693174,0
9728,4096,6.271191638,0
551936,4096,6.538338,0
118784,4096,6.538185357,0
563200,4096,6.276338454,0
9216,4096,5.807496219,0
8192,4096,6.011173094,0
9216,4096,5.456495425,0
694784,4096,6.737917265,0
25088,4096,7.695103182,0
28672,4096,6.497884652,0
520192,4096,6.335350148,0
25600,4096,6.512079308,0
52962816,4096,6.60121824,0
118784,4096,6.589745521,0
1353728,4096,6.409391862,0
28672,4096,6.298495035,0
28672,4096,6.497884652,0
1536,4096,4.591864308,0
208384,4096,6.57473506,0
561664,4096,6.698956419,0
181760,4096,6.508271875,0
2246656,4096,6.607176968,0
8704,4096,6.094395589,0
89088,4096,6.416174858,0
5120,4096,6.022845372,0
28672,4096,6.497884652,0
5310464,4096,6.483494534,0
4096,4096,3.689712599,0
3584,4096,5.720320458,0
74752,4096,6.628188232,0
28672,4096,6.497884652,0
424960,4096,6.412349703,0
2300928,4096,6.197658375,0
784896,4096,6.182374006,0
49152,4096,6.152166661,0
80896,4096,6.269824847,0
90624,4096,6.238972271,0
549888,4096,6.584466205,0
1536,4096,4.445294845,0
23040,4096,6.433100348,0
41472,4096,6.353216124,0
34304,4096,6.340412188,0
55296,4096,6.512422942,0
238080,4096,6.439768458,0
9728,4096,6.085906651,0
879104,4096,6.508378466,0
29184,4096,6.369595764,0
28672,4096,6.497884652,0
27648,4096,7.544836718,0
624640,4096,6.702944214,0
123392,4096,6.188903935,0
23040,4096,6.159868721,0
377344,4096,6.175440042,0
3784192,4096,6.303015621,0
132608,4096,6.437834534,0
44032,4096,6.544145785,0
28672,4096,6.497884652,0
204800,4096,6.589500018,0
6656,4096,5.76814293,0
255488,4096,6.559988438,0
122368,4096,6.1929915,0
28672,4096,6.497884652,0
28672,4096,6.497884652,0
28672,4096,6.497884652,0
345600,4096,6.257774305,0
15872,4096,6.292426439,0
4490240,4096,6.133128691,0
28672,4096,6.497884652,0
86016,4096,6.555858682,0
5632,4096,6.045136711,0
421376,4096,6.534691571,0
169984,4096,6.189654192,0
86016,4096,6.665481102,0
112128,4096,6.586839576,0
902144,4096,6.33142472,0
2188800,4096,6.3931305,0
28672,4096,6.497884652,0
3232768,4096,6.082631416,0
699392,4096,6.603707272,0
411136,4096,6.551327876,0
6144,4096,6.000640842,0
2607104,4096,6.432943817,0
192512,4096,6.188289317,0
73728,4096,6.118094991,0
928256,4096,6.225583382,0
28672,4096,6.497884652,0
26112,4096,6.416186322,0
5632,4096,5.918029186,0
9216,4096,6.198544666,0
47616,4096,6.58492926,0
28672,4096,6.497884652,0
28672,4096,6.497884652,0
57856,4096,6.24890426,0
35328,4096,6.275873545,0
12288,4096,6.4136096,0
418304,4096,6.628496127,0
28672,4096,6.497884652,0
672768,4096,6.51628065,0
154112,4096,6.437709576,0
2560,4096,5.974893586,0
380416,4096,6.071764095,0
14336,4096,6.313877497,0
70656,4096,6.629085473,0
5113344,4096,6.480087402,0
129024,4096,6.079958332,0
28672,4096,6.497884652,0
33792,4096,6.159179661,0
16384,4096,5.898778617,0
93184,4096,6.22496247,0
978944,8192,5.933241055,0
11776,4096,6.150768652,0
99328,4096,6.950277417,0
511488,4096,6.337511851,0
982016,4096,6.713747589,0
1644032,4096,6.45911976,0
5120,4096,6.124259019,0
997376,4096,6.475863057,0
24064,4096,6.142807945,0
413184,4096,6.670272736,0
5632,4096,5.788741642,0
28672,4096,6.497884652,0
710656,4096,6.205201997,0
28672,4096,6.497884652,0
7680,4096,6.145608539,0
38912,4096,7.200167497,0
1138688,4096,6.588097566,0
41984,4096,6.524306556,0
3850752,4096,6.626553061,0
26112,4096,6.284974521,0
25600,4096,6.231573133,0
1950720,4096,6.650195475,0
34304,4096,6.525546634,0
28672,4096,6.497884652,0
648704,4096,6.60943712,0
3584,4096,5.751210631,0
130048,4096,6.874568138,0
27648,4096,5.668118884,0
1114624,4096,6.192871329,0
18944,4096,6.061437154,0
223744,4096,6.593888684,0
28672,4096,6.497884652,0
200192,4096,6.629599702,0
142336,4096,6.273482214,0
3799552,4096,6.483839864,0
86016,4096,6.583507911,0
999936,4096,6.242830882,0
43008,4096,6.428541936,0
31232,4096,6.378801618,0
102912,4096,6.614890484,0
28672,4096,6.497884652,0
3584,4096,6.088474739,0
383488,4096,6.489157187,0
58368,4096,6.240486387,0
298496,4096,6.277830464,0
4096,4096,6.079850832,0
208384,4096,7.998758418,0
123904,4096,6.447041362,0
102400,4096,6.709739769,0
28672,4096,6.497884652,0
4628992,4096,6.478238829,0
88064,4096,6.085678046,0
53248,4096,6.414762725,0
14848,4096,6.428990895,0
34816,4096,6.144962616,0
133120,4096,6.489353862,0
543232,4096,6.117635275,0
44032,4096,6.47512791,0
105984,4096,6.488943531,0
218624,4096,6.456933765,0
4096,4096,6.126066735,0
55296,4096,6.278130048,0
4608,4096,5.72585255,0
83456,4096,6.474451221,0
28672,4096,6.497884652,0
1228800,4096,6.562482655,0
28672,4096,6.497884652,0
460288,4096,6.724345044,0
820224,4096,6.719339022,0
9728,4096,6.042127176,0
28672,4096,6.497884652,0
4096,4096,5.403923879,0
1356288,4096,6.405644969,0
28672,4096,6.497884652,0
60928,4096,6.466174503,0
28672,4096,6.497884652,0
119296,4096,6.341650308,0
11264,4096,6.260628153,0
3072,4096,6.106404483,0
339456,4096,6.353409337,0
165376,4096,6.429492799,0
153088,4096,6.642530024,0
146432,4096,6.307565757,0
119808,4096,6.267605394,0
14848,4096,6.169859577,0
28672,4096,6.497884652,0
2542080,4096,5.926573291,0
35328,4096,6.275873545,0
71680,4096,6.212333653,0
17408,4096,6.31859484,0
3329536,4096,6.42312136,0
922624,4096,6.40038165,0
25600,4096,6.480448376,0
434176,4096,6.750795399,0
28672,4096,6.497884652,0
28672,4096,6.497884652,0
28672,4096,6.497884652,0
403456,4096,6.370907727,0
26112,4096,6.416222666,0
166912,4096,6.553594699,0
186880,4096,5.593264275,0
80896,4096,6.650234835,0
1851392,4096,5.996820511,0
28672,4096,6.497884652,0
444928,4096,6.638669342,0
23040,4096,6.433100348,0
602624,4096,6.38396127,0
34304,4096,6.330046849,0
28672,4096,6.497884652,0
606208,4096,6.789245991,0
4382720,4096,5.795046749,0
28672,4096,6.497884652,0
56832,4096,7.178691517,0
3553792,4096,5.989882421,0
28160,4096,6.014201932,0
206336,4096,6.474718652,0
90112,4096,6.221793542,0
340480,4096,6.247194318,0
110080,4096,5.760508324,0
14848,4096,6.238955858,0
21504,4096,6.379587379,0
7680,4096,6.086868858,0
86016,4096,6.539748154,0
3373568,4096,6.195749218,0
28672,4096,6.497884652,0
7168,4096,5.645886257,0
28672,4096,6.497884652,0
142848,4096,6.618305785,0
109568,4096,6.665625376,0
833024,4096,6.494532694,0
26112,4096,6.333609645,0
230400,4096,6.392307225,0
180224,4096,6.196537261,0
2468352,4096,6.573878749,0
101888,4096,6.169507596,0
24576,8192,4.795864526,0
35328,4096,6.301380786,0
98304,8192,5.721285216,0
1842688,4096,6.389440991,0
9728,4096,6.215100858,0
61952,4096,5.96186867,0
15360,4096,6.304205775,0
4399104,4096,6.393319151,0
2560,4096,6.11039144,0
11776,4096,5.721106365,0
13312,4096,6.056064115,0
8192,4096,6.04273863,0
22016,4096,6.051970059,0
57344,4096,6.066316565,0
25088,4096,6.410177538,0
28672,4096,6.497884652,0
514048,4096,6.393652786,0
1361408,4096,6.527690466,0
23552,4096,6.417698237,0
28672,4096,6.497884652,0
25600,4096,6.480448376,0
28672,4096,6.497884652,0
6075392,4096,6.182862792,0
147456,8192,5.714741235,0
110080,4096,6.629436213,0
5120,4096,5.843019305,0
194560,4096,6.602102655,0
156160,4096,7.331582779,0
1975808,4096,6.470869082,0
53248,4096,6.464695388,0
30720,4096,5.939114277,0
28672,4096,6.497884652,0
492544,4096,6.36033528,0
28672,4096,6.497884652,0
13824,8192,4.28396254,0
4519936,4096,6.478582378,0
28672,4096,6.497884652,0
287744,4096,6.491972646,0
5516288,4096,6.402257515,0
212480,4096,6.74211455,0
29184,4096,5.762827223,0
18382848,4096,6.388115175,0
173568,4096,6.00994811,0
602624,4096,6.38396127,0
28672,4096,6.497884652,0
3076096,4096,6.431349599,0
94208,4096,6.606227132,0
32256,4096,6.448971187,0
37376,4096,5.873457898,0
28672,4096,6.497884652,0
90112,4096,6.665027176,0
3072,4096,5.723511726,0
168960,4096,6.072627599,0
81408,4096,6.140443674,0
11264,4096,6.256896795,0
56832,4096,6.304452783,0
23040,4096,6.191601095,0
28672,4096,6.497884652,0
602624,4096,6.38396127,0
15360,4096,6.060376085,0
28672,4096,6.497884652,0
90112,4096,6.530729213,0
16384,4096,5.78096856,0
4096,4096,5.76521301,0
2045952,4096,6.564206653,0
605184,4096,6.695509387,0
28672,4096,6.497884652,0
1441792,4096,6.543276606,0
4096,4096,5.378801443,0
18944,4096,6.251855295,0
576512,4096,6.629912322,0
88064,4096,6.376688543,0
11776,4096,6.170968997,0
121856,4096,5.927708685,0
36234240,4096,6.430550498,0
36352,4096,6.291818687,0
94208,4096,6.682816882,0
32256,4096,6.426717349,0
12800,4096,6.301119245,0
581632,4096,6.540032223,0
27970048,4096,6.475000209,0
28672,4096,6.497884652,0
147456,4096,6.591700198,0
3525120,4096,6.106867729,0
3584,4096,5.925787549,0
28672,4096,6.497884652,0
98304,4096,6.645003205,0
36352,4096,6.134324649,0
5120,4096,5.800492103,0
28672,4096,6.497884652,0
10240,4096,6.375844015,0
28672,4096,6.497884652,0
2651136,4096,6.196317344,0
72704,4096,6.035730827,0
1773056,4096,6.314225315,0
28672,4096,6.497884652,0
939008,4096,6.390408597,0
816128,4096,6.332899162,0
292352,4096,6.240794266,0
143872,4096,6.269367638,0
180736,4096,6.128284054,0
185216,4096,6.126300544,0
28672,4096,6.497884652,0
26112,4096,6.439070284,0
4096,4096,1.701808075,0
495104,4096,6.678270294,0
18944,4096,5.845483736,0
31744,4096,6.406053318,0
28672,4096,6.497884652,0
96768,4096,6.630769392,0
112128,4096,6.425236161,0
509440,4096,6.573206125,0
28672,4096,6.497884652,0
10752,4096,6.359177211,0
94208,4096,6.604004136,0
948224,4096,6.708192549,0
8192,8192,4.949049987,0
45056,4096,6.626776447,0
285184,4096,5.973828507,0
3584,4096,5.755516503,0
82944,4096,6.386312196,0
28672,8192,5.296936418,0
28672,4096,6.497884652,0
6144,4096,5.91062102,0
44032,4096,6.499153687,0
11264,4096,6.00530199,0
28672,4096,6.497884652,0
20480,8192,5.056066452,0
4917760,4096,6.466498728,0
414208,4096,6.657250095,0
2560000,4096,6.10256083,0
28672,4096,6.497884652,0
118272,4096,6.151225485,0
15872,4096,6.340171697,0
12288,4096,6.062091079,0
40448,4096,6.476151798,0
3584,4096,5.760166581,0
28672,4096,6.497884652,0
37376,4096,6.39331739,0
2813952,4096,7.268244592,0
241664,4096,6.521117673,0
28672,4096,6.497884652,0
3584,4096,5.844964218,0
7168,4096,6.278633271,0
28672,4096,6.497884652,0
165040,4096,6.024279206,0
10240,4096,6.213588988,0
159232,4096,6.17263263,0
28672,4096,6.497884652,0
28672,4096,6.497884652,0
39936,4096,6.482248085,0
98304,4096,6.037947453,0
135168,4096,6.341064971,0
24576,4096,6.434685972,0
432128,4096,6.177633491,0
73728,4096,6.384225025,0
17920,4096,6.392151577,0
28672,4096,6.497884652,0
58880,4096,6.21215879,0
18432,4096,5.918917297,0
154112,4096,6.395947007,0
4576768,4096,6.495625188,0
841216,4096,6.516486216,0
8192,4096,3.904104724,0
6144,4096,5.929821918,0
94208,4096,6.605107474,0
40448,4096,6.466828521,0
120832,4096,6.550513067,0
989696,4096,5.732119727,0
28672,4096,6.497884652,0
1152000,4096,6.42812814,0
126464,4096,6.536388896,0
211456,4096,5.587263544,0
28672,4096,6.497884652,0
67072,4096,6.324152732,0
45568,4096,6.177568469,0
201728,4096,6.718223042,0
3232768,8192,6.713914354,0
64512,4096,6.582047856,0
974336,4096,6.676021433,0
169600,4096,6.082654183,0
28672,4096,6.497884652,0
173568,4096,5.516890613,0
28672,4096,6.497884652,0
7168,8192,5.608526029,0
182784,4096,6.080328816,0
10752,4096,6.112725371,0
28672,4096,6.497884652,0
32768,4096,5.949718001,0
1675264,4096,6.519749227,0
830464,4096,6.214526661,0
552960,4096,6.679195236,0
14848,4096,6.285122483,0
9728,4096,6.04112487,0
28672,4096,6.497884652,0
11264,4096,6.515185451,0
1260544,4096,6.197922488,0
28672,4096,6.497884652,0
907776,4096,6.020913671,0
15360,4096,6.083451665,0
28672,4096,6.497884652,0
195584,4096,6.593279772,0
34304,4096,6.2319663,0
31744,4096,6.431134361,0
28672,4096,6.497884652,0
521728,4096,5.9035186,0
25088,4096,6.403859519,0
28672,4096,6.497884652,0
192000,4096,6.465070621,0
242688,4096,5.464789838,0
162816,4096,6.184311758,0
28672,4096,6.497884652,0
28672,4096,6.497884652,0
28672,4096,6.497884652,0
28672,4096,6.497884652,0
118784,4096,6.451347056,0
396800,4096,6.172197683,0
8704,4096,6.220601746,0
9216,4096,6.17686911,0
28672,4096,6.497884652,0
1385984,4096,5.716678419,0
17408,4096,6.033962516,0
6656,4096,6.026805482,0
293888,4096,6.617499139,0
26112,4096,6.416222666,0
28672,4096,6.497884652,0
8704,4096,6.222279529,0
140288,4096,6.105505681,0
466432,4096,5.917401462,0
31232,4096,6.085674661,0
128000,4096,6.769470528,0
1441280,4096,6.556003378,0
252416,4096,5.199690402,0
28672,4096,6.497884652,0
55296,4096,6.304152844,0
235520,4096,6.617895034,0
195584,4096,6.683781437,0
941568,4096,6.724367391,0
28672,4096,6.497884652,0
573952,4096,6.28049946,0
144896,4096,6.515649625,0
49664,4096,6.550746842,0
8704,4096,5.910397875,0
19968,4096,6.228110545,0
70656,4096,6.221486252,0
41472,4096,5.840411286,0
28672,4096,6.497884652,0
8192,4096,6.33477106,0
28672,4096,6.497884652,0
107520,4096,6.634965428,0
217088,4096,6.633619292,0
6144,4096,5.69028984,0
24576,4096,6.452257292,0
429056,4096,6.433767523,0
28672,4096,6.497884652,0
97280,4096,6.204766944,0
84480,4096,6.614539636,0
3802112,4096,6.489363629,0
1180160,4096,6.222594846,0
45056,4096,6.364766515,0
462336,4096,6.524024686,0
16384,8192,4.505820856,0
28672,4096,6.497884652,0
1671168,4096,6.642250298,0
5632,4096,6.135787232,0
763392,4096,6.561201768,0
1406464,4096,6.011512889,0
8704,4096,6.119869659,0
2651136,4096,6.109341688,0
9216,4096,6.106539246,0
34816,4096,6.010319972,0
1132032,4096,6.781031316,0
37376,4096,6.630317785,0
6656,4096,6.17039057,0
8704,4096,6.129604694,0
126976,4096,6.673448331,0
28672,4096,6.497884652,0
150528,4096,6.29773086,0
11264,4096,6.011887407,0
273408,4096,6.195019072,0
7680,4096,5.861540606,0
28672,4096,6.497884652,0
28672,4096,6.497884652,0
96768,4096,6.052757812,0
409088,4096,6.451108535,0
21504,4096,6.331410155,0
2034176,4096,6.56884719,0
227328,4096,6.999612551,0
945664,4096,6.330904026,0
248832,4096,6.227180033,0
545792,4096,6.257227514,0
28672,4096,6.497884652,0
26112,4096,6.439070284,0
265728,4096,6.655747249,0
345088,4096,6.254372779,0
8704,4096,5.842477914,0
2583040,4096,5.995262778,0
692224,4096,6.200301869,0
7680,4096,6.05928164,0
28672,4096,6.497884652,0
28672,4096,6.497884652,0
3399168,4096,5.722280395,0
28672,4096,6.497884652,0
28672,4096,6.497884652,0
26112,4096,6.416186322,0
81920,4096,6.540016062,0
28672,4096,6.497884652,0
2134528,4096,6.489921936,0
24576,4096,5.966713151,0
115200,4096,6.716754176,0
9216,4096,6.11403826,0
23552,4096,6.469990488,0
74752,4096,6.628188232,0
2621440,4096,6.237591448,0
908288,4096,6.773136355,0
5120,4096,5.847083551,0
4295680,4096,6.478615028,0
540160,4096,6.292915838,0
17920,4096,6.174506893,0
26112,4096,6.416222666,0
173056,4096,6.390869865,0
6144,4096,6.292694213,0
112640,4096,6.54108892,0
28672,4096,6.497884652,0
39936,4096,6.170298833,0
239616,4096,6.216454327,0
28672,4096,6.497884652,0
56832,4096,6.663604572,0
58880,4096,6.446760519,0
15872,4096,6.211562228,0
2739712,4096,6.581511972,0
6656,4096,5.961819818,0
3072,4096,5.6990454,0
23552,4096,6.22308776,0
15872,4096,6.323152896,0
1201664,4096,6.624505445,0
86016,4096,6.518664843,0
23552,4096,6.417698237,0
26112,4096,6.243020697,0
8704,4096,6.105446889,0
77312,4096,6.503954595,0
52179968,4096,6.568993699,0
7346688,4096,6.331933126,0
32768,4096,6.2331859,0
922624,4096,6.009788121,0
1556480,4096,6.558739418,0
13023232,4096,6.492603791,0
26112,4096,6.416186322,0
28672,4096,6.497884652,0
126976,4096,6.610391086,0
3354112,4096,6.458778035,0
2560,4096,5.705646092,0
190976,4096,6.547418076,0
28672,4096,6.497884652,0
111616,4096,5.586688571,0
28672,4096,6.497884652,0
5464576,4096,6.459621652,0
121344,4096,6.410175629,0
27648,4096,6.560433614,0
942080,4096,6.425601892,0
4096,4096,3.689712599,0
11264,4096,6.005097573,0
417792,4096,6.694200781,0
20480,4096,6.285287741,0
9728,4096,6.106749115,0
46080,4096,6.63953356,0
18432,4096,6.190685282,0
52736,4096,6.225338986,0
481792,4096,6.305771691,0
28672,4096,6.497884652,0
26112,4096,6.190768746,0
929280,4096,6.629037992,0
28672,4096,6.497884652,0
41984,4096,6.365617279,0
3755008,4096,6.378176415,0
220672,4096,6.349840421,0
58880,4096,6.245887195,0
372224,4096,6.046533938,0
161280,4096,6.441583452,0
368128,4096,6.253952523,0
33792,4096,6.245035423,0
70144,4096,6.294413468,0
38400,4096,6.497734074,0
582656,4096,6.150507656,0
12288,4096,6.178992508,0
168448,4096,6.389877577,0
34304,4096,6.422532224,0
7665152,4096,6.376088982,0
25600,4096,6.480448376,0
655872,4096,6.423224196,0
4608,4096,6.169987882,0
599040,4096,6.29795256,0
90112,4096,6.56228656,0
228352,4096,6.603593023,0
86016,4096,6.624110437,0
28672,4096,6.497884652,0
25600,4096,6.479451209,0
626176,4096,6.609193692,0
8766976,4096,6.742160032,0
1883648,4096,6.346125525,0
1684992,4096,6.421540053,0
3304960,4096,6.308050786,0
28672,4096,6.497884652,0
60416,4096,6.864411509,0
268288,4096,7.141624201,0
9216,4096,5.534897339,0
615936,4096,6.508835636,0
38912,4096,6.485623681,0
1286144,4096,6.773102435,0
237568,4096,6.643433485,0
28672,4096,6.497884652,0
35328,4096,6.301380786,0
63488,4096,6.414814841,0
273408,4096,7.136103615,0
72192,4096,6.553918317,0
5632,4096,5.717958911,0
28672,4096,6.497884652,0
364544,4096,6.711641407,0
1225216,4096,6.250636948,0
25088,4096,6.477074763,0
29184,4096,6.294637194,0
28672,4096,6.497884652,0
38400,4096,5.690003259,0
10240,4096,6.373424906,0
192512,4096,6.451253998,0
8192,4096,6.043213803,0
2315264,4096,6.137666023,0
962048,4096,6.259910649,0
9728,4096,6.108921137,0
7680,4096,6.049233952,0
28672,4096,6.497884652,0
27648,4096,6.24619246,0
28672,4096,6.497884652,0
28672,4096,6.497884652,0
28672,4096,6.497884652,0
48128,4096,6.173966725,0
22528,4096,5.954724761,0
235008,4096,6.228588321,0
6478336,4096,6.351752437,0
5632,4096,6.253828143,0
60928,4096,6.263293433,0
28672,4096,6.497884652,0
1536,4096,5.209896205,0
250880,4096,6.651996322,0
144896,4096,6.601822506,0
10752,4096,6.11759982,0
28672,4096,6.497884652,0
8704,4096,6.220601746,0
2511872,4096,6.425745793,0
44032,4096,6.477307138,0
64000,4096,6.645067529,0
69632,4096,6.112579806,0
7168,4096,5.839598023,0
16384,4096,5.723897738,0
226816,4096,6.422536674,0
88576,4096,6.074237504,0
51712,4096,6.548883468,0
3584,4096,6.213788706,0
40448,4096,6.016102397,0
14336,4096,5.953322613,0
254464,4096,6.604369894,0
35840,4096,6.477613373,0
13824,4096,6.204794807,0
35840,4096,6.549415913,0
8192,4096,6.125838283,0
5120,4096,5.876829205,0
28672,4096,6.497884652,0
8704,4096,6.038473096,0
536576,4096,6.795665965,0
112640,4096,6.422736567,0
227840,4096,6.714397809,0
3584,4096,5.597561151,0
135168,8192,5.695685713,0
3289088,4096,6.832927502,0
369152,4096,6.596344304,0
297472,4096,6.291416481,0
28672,4096,6.497884652,0
116224,4096,6.563232011,0
20992,4096,6.409907493,0
11776,4096,6.449207576,0
1234432,4096,6.636654044,0
2355712,4096,6.389792976,0
4096,4096,5.897059861,0
200192,4096,6.642625716,0
51712,4096,6.618135871,0
5120,4096,5.992197275,0
20480,4096,6.305882899,0
957952,4096,6.357783898,0
28672,4096,6.497884652,0
256000,4096,6.223458521,0
40960,4096,6.361005833,0
13133824,4096,6.495276899,0
28672,4096,6.497884652,0
985600,4096,6.361092289,0
28672,4096,6.497884652,0
246272,4096,6.526060984,0
3584,4096,5.757820254,0
56320,4096,6.479654413,0
35840,4096,5.970224102,0
18944,4096,6.391473559,0
28672,4096,6.497884652,0
3584,4096,5.753440876,0
123392,4096,6.188903935,0
28672,4096,6.497884652,0
184576,4096,6.046819356,0
92672,4096,6.309004243,0
49152,8192,5.342557731,0
942080,4096,6.527704161,0
54784,4096,6.315461267,0
20480,8192,4.608055324,0
28672,4096,6.497884652,0
111616,4096,6.481782962,0
45568,4096,6.538370621,0
78848,4096,6.197194713,0
514048,4096,6.595022702,0
26112,4096,6.439070284,0
28672,4096,6.497884652,0
29184,4096,6.457508083,0
4096,4096,3.689712599,0
16896,4096,6.542844144,0
28672,4096,6.497884652,0
72704,4096,6.46035888,0
15872,4096,6.166505912,0
8704,4096,6.330340903,0
77312,4096,6.539880162,0
315392,4096,6.069198661,0
25600,4096,6.600329387,0
38400,4096,6.329489317,0
28672,4096,6.497884652,0
885760,4096,6.570756499,0
2048,4096,5.202466378,0
439296,4096,6.647086874,0
5632,4096,6.182327946,0
28672,4096,6.497884652,0
55296,4096,6.28040982,0
28672,4096,6.497884652,0
2434560,4096,6.352204639,0
200704,4096,6.651537786,0
60416,4096,6.592969862,0
28672,4096,6.497884652,0
122368,4096,6.332379545,0
1007104,4096,6.290950766,0
7168,4096,5.921515013,0
30208,4096,6.419428524,0
125440,4096,6.65367754,0
62464,4096,6.50351527,0
74240,4096,6.619875309,0
1536,4096,5.209896205,0
143360,4096,6.542475418,0
86016,4096,6.575516466,0
12800,4096,6.064671352,0
900096,4096,6.623089492,0
28672,4096,6.497884652,0
4096,4096,5.682784563,0
15360,4096,6.343955176,0
5632,4096,5.943640152,0
77312,4096,6.026769301,0
25600,4096,6.57757343,0
59392,4096,6.125662348,0
28672,4096,6.497884652,0
352768,4096,6.410666884,0
26624,8192,5.246186582,0
38912,4096,6.029649587,0
1682944,4096,6.159549246,0
28672,4096,6.497884652,0
9728,4096,5.99198478,0
12800,4096,6.42673012,0
28672,4096,6.497884652,0
8382976,4096,6.500725284,0
28672,4096,6.497884652,0
13312,4096,6.257179171,0
103424,4096,5.829149018,0
16896,4096,5.777684994,0
7602688,4096,6.416742332,0
28672,4096,6.497884652,0
27648,4096,6.02331936,0
28672,4096,6.497884652,0
293888,4096,6.143415691,0
115712,4096,6.370339692,0
2323968,4096,6.729712471,0
3886592,4096,6.68437476,0
110592,4096,6.067614399,0
6656,4096,5.783300274,0
609792,4096,6.525415978,0
28672,4096,6.497884652,0
43520,4096,5.900807432,0
206336,4096,5.375587601,0
7168,4096,5.921515013,0
47616,4096,6.467998156,0
36864,8192,5.649572047,0
18432,4096,5.918971724,0
46080,4096,6.258133892,0
8192,4096,6.106818351,0
90112,4096,6.593136124,0
4096,4096,5.919871908,0
21504,4096,6.390393104,0
28672,4096,6.497884652,0
8704,4096,6.32348493,0
39936,4096,6.262316225,0
28672,4096,6.497884652,0
11776,4096,5.506743278,0
28672,4096,6.497884652,0
28672,4096,6.497884652,0
28672,4096,6.497884652,0
74240,4096,6.068004237,0
28672,4096,6.497884652,0
887808,4096,6.703941764,0
39936,4096,6.37314485,0
28672,4096,6.497884652,0
6144,4096,5.83289561,0
73728,8192,5.313974683,0
260608,4096,6.498367274,0
19968,4096,6.398450273,0
132608,4096,6.460914384,0
513024,4096,6.539181304,0
28672,4096,6.497884652,0
5632,4096,5.675128504,0
9084928,4096,6.757236555,0
23552,4096,6.417698237,0
28672,4096,6.497884652,0
4096,4096,1.701808075,0
66048,4096,6.667132406,0
28672,4096,6.497884652,0
11776,4096,5.905714689,0
27648,4096,6.245801917,0
56832,4096,6.350892026,0
19456,4096,6.378844641,0
1536,4096,5.209896205,0
157696,4096,6.418737373,0
6656,4096,5.935809173,0
2237952,4096,6.126606016,0
24576,4096,6.333047456,0
94208,8192,5.946202646,0
28672,4096,6.497884652,0
992256,4096,6.451631749,0
1213440,4096,6.422663755,0
135680,4096,6.1606936,0
213504,4096,6.740390676,0
28672,4096,6.497884652,0
22528,4096,6.303149547,0
419840,4096,6.307629248,0
258048,4096,5.470722271,0
15360,4096,6.260952571,0
3020800,4096,6.465458784,0
118784,4096,6.088496624,0
5120,4096,5.792193795,0
28672,4096,6.497884652,0
28672,4096,6.497884652,0
4243968,4096,6.369703997,0
6144,4096,5.875489302,0
1137152,4096,6.234102942,0
4388352,4096,6.196069957,0
2302976,4096,6.346729606,0
88576,4096,6.426719809,0
41984,4096,6.311350522,0
74752,4096,6.542895218,0
67584,4096,6.192931435,0
234496,4096,6.46011222,0
6144,4096,6.251327077,0
86016,4096,6.760126469,0
32256,4096,6.334676,0
28672,4096,6.497884652,0
10240,4096,6.332230366,0
26624,4096,6.452235554,0
136704,4096,6.595639769,0
17920,143360,6.464841683,0
21504,4096,6.198223326,0
5120,4096,5.815319269,0
1650688,4096,6.6379696,0
28672,4096,6.497884652,0
1069056,4096,6.554458286,0
1281536,4096,6.372667463,0
28672,4096,6.497884652,0
13824,8192,5.317925317,0
23552,4096,6.584413629,0
4881408,4096,6.200284429,0
3584,4096,5.757200626,0
14848,4096,6.000090047,0
24676864,4096,6.718535608,0
339456,4096,6.402303969,0
28672,4096,6.497884652,0
3778560,4096,6.591246704,0
90112,4096,6.636600349,0
998912,4096,6.290184916,0
28672,4096,6.497884652,0
115712,4096,6.643628305,0
203776,4096,5.581332824,0
911872,4096,6.619092364,0
466432,4096,5.917401462,0
708608,49152,6.566496783,0
74752,4096,6.050272641,0
52224,4096,6.045693323,0
1519616,4096,6.548737639,0
49664,4096,6.260797092,0
11264,4096,6.32152361,0
27136,4096,6.356319781,0
86016,4096,6.646060119,0
48640,4096,6.33077102,0
27648,4096,6.273795955,0
67072,4096,6.568384339,0
17424896,4096,6.46352867,0
21504,4096,6.287064774,0
12800,4096,6.200638867,0
28672,4096,6.497884652,0
7168,4096,6.233016386,0
28672,4096,6.497884652,0
90112,4096,6.573426743,0
28672,4096,6.497884652,0
412672,4096,6.697350194,0
3091968,4096,6.134252178,0
94208,4096,6.61471096,0
14848,4096,6.30893524,0
462848,4096,6.102385701,0
28672,4096,6.497884652,0
216064,4096,6.266753152,0
28672,4096,6.497884652,0
30208,4096,6.327803118,0
154624,4096,6.251046289,0
28672,4096,6.497884652,0
3584,4096,5.829205735,0
65536,4096,6.315864834,0
28672,4096,6.497884652,0
1576448,4096,6.501430514,0
8704,4096,6.220601746,0
1641984,4096,6.31815386,0
5120,4096,5.777816884,0
23552,4096,6.417698237,0
25600,4096,6.480448376,0
10240,4096,6.229803962,0
28672,4096,6.497884652,0
4096,4096,6.152011291,0
3584,4096,5.702705539,0
71680,4096,6.301037807,0
450560,4096,6.572551931,0
3584,4096,5.756043542,0
28672,4096,6.497884652,0
54784,4096,6.524680425,0
8192,4096,4.811528482,0
28672,4096,6.497884652,0
28672,4096,6.497884652,0
28672,4096,6.497884652,0
861696,4096,6.119443361,0
40960,4096,6.734178315,0
4608,4096,5.92634679,0
307200,4096,6.44082225,0
293888,4096,6.323668421,0
44544,4096,6.305736764,0
28672,4096,6.497884652,0
5632,4096,5.717958911,0
595968,4096,6.524980149,0
14848,4096,6.203252838,0
12288,4096,6.277826533,0
1671168,4096,6.641768818,0
74240,4096,6.247358352,0
31232,8192,6.583587434,0
152064,4096,6.740799445,0
98304,4096,6.477943854,0
336896,4096,6.477526956,0
5632,4096,5.891918829,0
9728,4096,5.75860035,0
28672,4096,6.497884652,0
3457024,4096,5.862233158,0
28672,4096,6.497884652,0
94208,8192,5.356963663,0
61952,4096,6.39164665,0
8192,8192,4.135383621,0
217088,4096,6.619766822,0
10240,4096,5.890177776,0
64512,4096,6.065996444,0
262656,4096,6.713814996,0
28672,4096,6.497884652,0
32256,4096,6.274784635,0
26112,4096,6.439070284,0
28672,4096,6.497884652,0
71680,4096,6.265993762,0
18944,4096,6.244479671,0
86016,4096,6.687036269,0
9653760,4096,6.577573722,0
28672,4096,6.497884652,0
32768,8192,5.468572661,0
28672,4096,6.497884652,0
1556480,4096,6.463657872,0
28672,4096,6.497884652,0
28672,4096,6.497884652,0
14848,4096,6.32622336,0
122880,4096,6.47768448,0
180224,4096,6.592274047,0
396800,4096,6.361800336,0
31744,4096,6.211776238,0
55296,4096,6.408936642,0
233984,4096,6.233309212,0
8704,4096,6.191785475,0
286720,4096,6.552148123,0
4662784,4096,6.35794871,0
4096,4096,5.915850128,0
380416,4096,6.517147076,0
3206656,4096,6.754527771,0
149504,4096,6.578531564,0
14336,4096,6.32718009,0
28672,4096,6.497884652,0
43520,4096,6.636778412,0
876544,4096,6.061603883,0
258560,4096,6.358398354,0
51712,4096,6.618135871,0
28672,4096,6.497884652,0
88576,4096,6.60293444,0
605696,4096,6.159184209,0
1934336,4096,6.475551042,0
9430528,4096,6.723762985,0
26112,4096,6.439070284,0
28672,4096,6.497884652,0
28672,4096,6.497884652,0
6144,4096,5.670659163,0
9728,4096,6.261913001,0
81920,4096,6.682073765,0
16384,4096,6.306578756,0
32768,4096,6.275315732,0
1531392,4096,6.556064121,0
154624,4096,6.369503754,0
3138560,4096,6.477144178,0
28672,4096,6.497884652,0
15360,4096,5.565207001,0
6367232,4096,5.661965861,0
2202624,4096,6.471127171,0
26112,4096,6.416222666,0
803840,4096,6.384199178,0
443392,4096,6.529623586,1
331264,4096,6.60431385,1
74240,4096,6.046789096,1
219648,4096,6.497017567,1
262144,4096,6.638141582,1
12288,4096,5.057396381,1
49152,36864,6.08469233,1
2200064,4096,6.34013023,1
57121,4096,6.580114851,1
946688,4096,6.517326943,1
623616,4096,7.462788756,1
371712,4096,6.533088779,1
40448,4096,6.631765877,1
688128,4096,7.700025285,1
390656,4096,5.476263502,1
262144,4096,6.638141582,1
262144,4096,6.638141582,1
23552,4096,6.417698237,1
443392,4096,6.529623586,1
262144,4096,6.638141582,1
286720,4096,6.585726497,1
49152,4096,5.883644859,1
286720,4096,6.585726497,1
74752,4096,6.621153534,1
105472,4096,5.079172112,1
24064,4096,6.440105549,1
483328,8192,7.956658327,1
467456,4096,6.62222967,1
290304,4096,7.259725501,1
364544,8192,7.981050797,1
713728,4096,6.588311972,1
389632,4096,6.622757702,1
23040,4096,6.433100348,1
1058304,4096,6.596388508,1
262144,4096,6.638141582,1
26624,4096,6.567892773,1
262144,4096,6.638141582,1
23040,4096,6.433100348,1
212992,4096,6.513898597,1
122368,4096,7.072026929,1
262144,4096,6.638141582,1
539136,4096,6.227854515,1
371712,4096,6.533088779,1
100864,4096,6.583232071,1
4123648,4096,6.602800732,1
4241920,4096,6.572945291,1
262144,4096,6.638141582,1
359936,4096,6.341387403,1
24576,4096,5.28735008,1
24064,4096,6.441066052,1
3036672,4096,6.581538626,1
36864,4096,5.656708771,1
338944,4096,6.577547192,1
4017152,4096,6.568338634,1
626688,4096,6.34588722,1
1912832,4096,3.377404648,1
262144,4096,6.638141582,1
114176,4096,6.710525332,1
47616,4096,6.720938527,1
61952,4096,6.391482648,1
17920,212992,5.787413812,1
686592,4096,7.645895955,1
262144,4096,6.638141582,1
290816,4096,6.289919098,1
286720,4096,6.585726497,1
262144,4096,6.638141582,1
92672,4096,6.429415834,1
371712,4096,6.533088779,1
581632,4096,6.675248352,1
2449408,1159168,5.512422054,1
62464,4096,6.375213504,1
74240,4096,7.614072261,1
50688,4096,6.636918204,1
443392,4096,6.529623586,1
558592,4096,6.592484331,1
262144,4096,6.638141582,1
4006400,4096,6.581147747,1
212992,8192,7.982428317,1
60928,4096,6.584023544,1
443392,4096,6.529623586,1
262144,4096,6.638141582,1
94208,4096,6.451627374,1
371712,4096,6.533088779,1
92160,4096,6.445459602,1
2442752,4096,2.516744156,1
53248,4096,5.534628558,1
392192,4096,6.428868232,1
415232,4096,6.627697991,1
262144,4096,6.638141582,1
138240,4096,4.055259451,1
286720,4096,6.585726497,1
332288,4096,6.561290902,1
331264,4096,6.60431385,1
262144,4096,6.638141582,1
443392,4096,6.529623586,1
262144,4096,6.638141582,1
262144,4096,6.638141582,1
63488,4096,6.636665742,1
61952,4096,6.391482648,1
262144,4096,6.638141582,1
392704,4096,6.49175006,1
2045440,4096,5.058050537,1
1159168,4096,7.922904295,1
2464256,4096,6.348368564,1
74752,4096,6.555548101,1
1300480,8192,7.899689803,1
686592,4096,7.644506439,1
3036672,4096,6.581538626,1
397824,4096,6.633426971,1
896000,4096,7.405182698,1
812032,4096,6.268798852,1
1961984,4096,3.612992878,1
371712,4096,6.533088779,1
249856,4096,6.675503643,1
92672,4096,6.429310647,1
169984,4096,6.709395821,1
286720,4096,6.585726497,1
1126912,4096,6.591177518,1
262144,4096,6.638141582,1
294912,4096,6.582164078,1
1912832,4096,3.377313994,1
62464,4096,6.375213504,1
28672,4096,6.497884652,1
23552,4096,6.476389095,1
25088,4096,6.393616553,1
405504,4096,6.490397647,1
7168,4096,5.826510177,1
23552,4096,6.417698237,1
443392,4096,6.529623586,1
443392,4096,6.529623586,1
663040,4096,7.174083404,1
23040,4096,6.433100348,1
555520,4096,7.96240017,1
4000256,4096,6.588355695,1
61952,4096,6.391482648,1
165376,4096,6.722654884,1
387072,4096,6.526559555,1
3837952,4096,6.587403365,1
62464,4096,6.375213504,1
286720,4096,6.585726497,1
262144,4096,6.638141582,1
262144,4096,6.638141582,1
262144,4096,6.638141582,1
185856,4096,6.495784058,1
3627520,4096,6.574131761,1
28160,4096,6.508529563,1
581632,4096,6.675248352,1
262144,4096,6.638141582,1
80896,4096,6.644254067,1
4241920,4096,6.572945291,1
443392,4096,6.529623586,1
23552,4096,6.417698237,1
1049088,4096,5.132086278,1
2676736,4096,6.395163272,1
262144,4096,6.638141582,1
62464,4096,6.375213504,1
23552,4096,6.417698237,1
4115456,4096,6.598264582,1
22016,4096,6.455427102,1
1125376,4096,7.777704557,1
3629568,4096,6.566094477,1
345600,4096,6.617258062,1
2200064,4096,6.34013023,1
286720,4096,6.585726497,1
371712,4096,6.533088779,1
439808,4096,6.50509568,1
286720,4096,6.585726497,1
1128960,4096,6.570213986,1
23552,4096,6.417698237,1
262144,4096,6.638141582,1
262144,4096,6.638141582,1
32768,4096,5.936561799,1
663040,4096,7.174102287,1
1974272,4096,6.523424146,1
48128,4096,6.661268775,1
220672,4096,6.501535163,1
443392,4096,6.529623586,1
286720,4096,6.585726497,1
454144,4096,6.540473229,1
1298432,4096,7.088776967,1
262144,4096,6.638141582,1
345600,4096,6.617258062,1
443392,4096,6.529623586,1
54272,4096,6.519836504,1
54784,4096,6.598515766,1
445952,4096,6.602392731,1
104448,4096,6.608227154,1
286720,4096,6.585726497,1
43008,4096,2.320445891,1
4193280,4096,6.579609522,1
443392,4096,6.529623586,1
262144,4096,6.638141582,1
253440,8192,7.888958799,1
3837952,4096,6.587403365,1
3036672,4096,6.581538626,1
313856,4096,6.665683257,1
1959424,4096,3.039760121,1
1426432,4096,7.312661294,1
158720,4096,6.550015483,1
628736,4096,7.543214912,1
262144,4096,6.638141582,1
286720,4096,6.585726497,1
262144,4096,6.638141582,1
398848,8192,7.949162349,1
2400768,4096,4.683230628,1
2442752,4096,2.516610138,1
717824,4096,7.73698289,1
262144,4096,6.638141582,1
618496,4096,6.381688335,1
262144,4096,6.638141582,1
2705920,4096,6.561553953,1
443392,4096,6.529623586,1
262144,4096,6.638141582,1
23040,4096,6.433100348,1
1503744,4096,3.913305647,1
371712,4096,6.533088779,1
2200064,4096,6.34013023,1
633344,4096,6.715746352,1
443392,4096,6.529623586,1
262144,4096,6.638141582,1
46592,4096,4.952997552,1
984576,4096,6.451664239,1
42496,4096,6.621227317,1
254464,114688,6.189701249,1
2328576,4096,6.537002983,1
262144,4096,6.638141582,1
262144,4096,6.638141582,1
62464,4096,6.375213504,1
44032,4096,6.612911914,1
23040,4096,6.433100348,1
90112,4096,6.232266544,1
1809920,4096,6.636672462,1
454144,4096,6.540473229,1
262144,4096,6.638141582,1
262144,4096,6.638141582,1
262144,4096,6.638141582,1
7168,4096,6.501426866,1
443392,4096,6.529623586,1
443392,4096,6.529623586,1
1126912,4096,6.572271189,1
262144,4096,6.638141582,1
262144,4096,6.638141582,1
43520,4096,6.628200356,1
731648,4096,6.563883914,1
24064,4096,6.440105549,1
17408,4096,6.440496266,1
154112,4096,6.528298088,1
45568,4096,6.637180267,1
15360,4096,6.342418297,1
19456,8192,5.34548175,1
2705920,4096,6.561553953,1
36864,4096,5.656708771,1
84480,8192,4.13407132,1
1974272,4096,6.523424146,1
135168,4096,6.588294164,1
877056,139264,6.644115355,1
262144,4096,6.638141582,1
286720,4096,6.585726497,1
371712,4096,6.533088779,1
92160,4096,4.578823546,1
647168,4096,6.265186572,1
274432,8192,7.08011062,1
2497024,4096,6.390137017,1
4454912,4096,6.583229237,1
114176,4096,6.710525332,1
581120,4096,6.67587544,1
262144,4096,6.638141582,1
262144,4096,6.638141582,1
61440,4096,6.53587556,1
37888,4096,6.53892752,1
204800,4096,6.543811453,1
23552,4096,6.417698237,1
2270720,4096,6.541041679,1
262144,4096,6.638141582,1
14848,4096,6.327574655,1
29184,4096,6.303238315,1
85504,4096,4.953244336,1
262144,4096,6.638141582,1
262144,4096,6.638141582,1
262144,4096,6.638141582,1
62464,4096,6.375213504,1
59392,4096,6.629163925,1
262144,4096,6.638141582,1
65024,8192,6.948303162,1
96256,4096,4.538027727,1
224768,4096,6.54555481,1
2270720,4096,6.541041679,1
32768,4096,6.296861858,1
387072,4096,6.526559555,1
24064,4096,6.440105549,1
462848,4096,6.852672536,1
489984,4096,6.607480668,1
262144,4096,6.638141582,1
204800,8192,7.347664906,1
443392,4096,6.529623586,1
1400320,4096,6.461418388,1
2705920,4096,6.561553953,1
712192,4096,7.649761913,1
3036672,4096,6.581538626,1
172032,4096,6.650901372,1
8192,4096,5.103679913,1
1127424,4096,5.32174116,1
443392,4096,6.529623586,1
327168,8192,7.990547003,1
33792,4096,6.340223357,1
77824,4096,6.52912327,1
8192,4096,5.92962233,1
49152,32768,4.863058384,1
4096,4096,4.828316973,1
336384,4096,6.387711206,1
340480,4096,6.57703064,1
34304,4096,6.320526182,1
28160,4096,6.508529563,1
31744,8192,6.787208748,1
262144,4096,6.638141582,1
2132992,4096,6.527806008,1
23040,4096,6.433100348,1
262144,4096,6.638141582,1
2132992,4096,6.527806008,1
262144,4096,6.638141582,1
580096,4096,6.552046218,1
2270720,4096,6.541041679,1
262144,4096,6.638141582,1
607232,4096,6.18609022,1
23040,4096,6.433100348,1
286720,4096,6.585726497,1
443392,4096,6.529623586,1
1935872,4096,6.521100414,1
47616,4096,6.717444085,1
3226112,4096,6.555169128,1
262144,4096,6.638141582,1
483328,4096,6.625182534,1
144384,8192,6.350369742,1
409600,4096,6.593088803,1
981504,4096,6.537389549,1
113664,4096,4.512359856,1
443392,4096,6.529623586,1
443392,4096,6.529623586,1
2705920,4096,6.561553953,1
616448,4096,6.564215838,1
62464,4096,6.375213504,1
1298944,4096,7.999813271,1
109056,4096,1.742392442,1
1536,118784,4.510879341,1
4123648,4096,6.602800732,1
3036672,4096,6.581538626,1
28160,4096,6.508529563,1
3233280,4096,6.579060301,1
45056,4096,6.412082374,1
443392,4096,6.529623586,1
435712,4096,6.621499315,1
152576,73728,7.940857991,1
262144,4096,6.638141582,1
332288,4096,6.561290902,1
469504,4096,6.606178871,1
262144,4096,6.638141582,1
262144,4096,6.638141582,1
61952,4096,6.392145814,1
262144,4096,6.638141582,1
1267200,4096,6.008676657,1
4165120,4096,6.577011839,1
2285568,4096,6.458975578,1
64512,4096,6.657459929,1
83456,4096,6.571231599,1
443392,4096,6.529623586,1
262144,4096,6.638141582,1
262144,4096,6.638141582,1
759808,4096,0.650292454,1
2512384,4096,3.627026918,1
286720,4096,6.585726497,1
502784,8192,6.599617132,1
2291712,4096,6.540365633,1
61952,4096,6.391482648,1
249344,4096,6.631825511,1
1124864,4096,3.837690276,1
262144,4096,6.638141582,1
262144,4096,6.638141582,1
25600,4096,6.442195364,1
360960,4096,6.559763211,1
404480,4096,6.615559537,1
23040,4096,6.433100348,1
262144,4096,6.638141582,1
286720,4096,6.585726497,1
76288,4096,6.639832437,1
43520,4096,6.626371231,1
5120,4096,5.631023425,1
262144,4096,6.638141582,1
443392,4096,6.529623586,1
4353024,4096,6.581411346,1
286720,4096,6.585726497,1
214528,4096,6.522310481,1
409600,4096,6.593088803,1
262144,4096,6.638141582,1
62464,4096,6.375213504,1
262144,4096,6.638141582,1
144384,4096,6.420048221,1
2050560,4096,2.953507537,1
24064,4096,6.440105549,1
38400,4096,6.16145436,1
262144,4096,6.638141582,1
443392,4096,6.529623586,1
149504,4096,6.55064599,1
2707456,4096,6.401465688,1
4049408,4096,6.564001924,1
4193280,4096,6.579609522,1
262144,4096,6.638141582,1
3226112,4096,6.555169128,1
262144,4096,6.638141582,1
12288,4096,5.384629062,1
249344,4096,6.631640884,1
391168,4096,6.555416933,1
70656,8192,4.736242466,1
443392,4096,6.529623586,1
37376,4096,6.568937887,1
338432,4096,6.502947167,1
262144,4096,6.638141582,1
443392,4096,6.529623586,1
262144,4096,6.638141582,1
4123648,4096,6.602800732,1
4000256,4096,6.588355695,1
392704,4096,6.54586206,1
443392,4096,6.529623586,1
22016,8192,5.571017213,1
262144,4096,6.638141582,1
3837952,4096,6.587403365,1
395264,4096,6.638758906,1
188928,4096,6.694270809,1
1024,4096,4.480973909,1
72192,4096,5.781990082,1
40448,4096,6.631765877,1
1123328,4096,6.601435082,1
2328576,4096,6.537002983,1
33792,4096,6.340223357,1
23040,4096,6.433100348,1
28160,4096,6.508529563,1
286720,4096,6.585726497,1
22016,4096,6.455427102,1
49152,4096,6.639223732,1
59392,4096,6.629719901,1
286720,4096,6.585726497,1
2464256,4096,6.348368564,1
23040,4096,6.433100348,1
262144,4096,6.638141582,1
46080,4096,6.6372609,1
92672,4096,6.429301579,1
38400,4096,6.172953268,1
443392,4096,6.529623586,1
286720,4096,6.585726497,1
23552,4096,6.417698237,1
1399296,4096,4.07179419,1
8016384,8192,6.647263507,1
262144,4096,6.638141582,1
34304,4096,6.320526182,1
643072,4096,6.316769201,1
3778560,4096,6.585973483,1
286720,4096,6.585726497,1
28160,4096,6.508529563,1
262144,4096,6.638141582,1
23552,4096,6.417698237,1
50688,4096,6.635914526,1
160768,4096,6.650914784,1
443392,4096,6.529623586,1
262144,4096,6.638141582,1
262144,4096,6.638141582,1
443392,4096,6.529623586,1
262144,4096,6.638141582,1
683008,4096,7.736579187,1
262144,4096,6.638141582,1
286720,4096,6.585726497,1
109568,4096,4.578899144,1
443392,4096,6.529623586,1
114176,4096,6.710525332,1
1185792,4096,6.482025357,1
79872,4096,5.976111643,1
4193280,4096,6.579609522,1
443392,4096,6.529623586,1
443392,4096,6.529623586,1
443392,4096,6.529623586,1
62464,4096,6.375213504,1
770048,4096,6.561687959,1
47104,4096,6.629243278,1
103424,4096,6.239168157,1
150528,4096,6.619852355,1
896000,4096,7.404738196,1
114176,4096,6.710525332,1
443392,4096,6.529623586,1
1121792,4096,6.16330631,1
4005376,4096,6.582289517,1
286720,4096,6.585726497,1
70144,4096,6.561382015,1
262144,4096,6.638141582,1
286720,4096,6.585726497,1
62464,4096,3.676023346,1
369152,4096,6.608107655,1
262144,4096,6.638141582,1
387072,4096,6.526559555,1
262144,4096,6.638141582,1
4241920,4096,6.572945291,1
45568,4096,6.679727683,1
937984,4096,6.622346048,1
63488,4096,6.636499666,1
87040,4096,6.584122613,1
25600,4096,6.468836416,1
733184,4096,6.665506241,1
1196032,4096,6.65502107,1
48128,4096,6.661042681,1
244224,4096,6.564004493,1
262144,4096,6.638141582,1
198144,4096,6.615477473,1
120320,4096,6.583415486,1
71168,4096,6.052644367,1
116736,8192,6.598081783,1
781824,8192,7.142577855,1
62464,4096,6.375879013,1
678400,8192,6.311793567,1
419840,4096,6.616309465,1
1503744,4096,3.913038481,1
52224,4096,6.647103646,1
490496,4096,6.62084987,1
70144,4096,5.488792354,1
569344,4096,7.144623958,1
158720,4096,6.550108328,1
24064,4096,6.440105549,1
262144,4096,6.638141582,1
636416,8192,3.790161902,1
127488,4096,6.583278924,1
262144,4096,6.638141582,1
262144,4096,6.638141582,1
12288,4096,4.781716957,1
575488,4096,6.925236336,1
103424,4096,7.130271912,1
69120,4096,6.502673387,1
149504,4096,6.550612141,1
1024000,4096,5.875349945,1
376832,4096,6.646296218,1
30208,8192,5.941171111,1
262144,4096,6.638141582,1
443392,4096,6.529623586,1
2477568,4096,6.441599726,1
232960,4096,6.626789847,1
32768,4096,6.296861858,1
262144,4096,6.638141582,1
69120,4096,6.476239079,1
23552,4096,6.43592603,1
3226112,4096,6.555169128,1
286720,4096,6.585726497,1
686592,4096,7.645206447,1
214528,4096,6.538803241,1
51712,4096,6.787517708,1
102912,4096,6.691476532,1
286720,4096,6.585726497,1
23040,4096,6.433100348,1
262144,4096,6.638141582,1
26624,4096,6.470834828,1
262656,4096,6.614832543,1
46080,4096,6.640036332,1
262144,4096,6.638141582,1
1166336,4096,7.629994613,1
2705920,4096,6.561553953,1
262144,4096,6.638141582,1
262144,4096,6.638141582,1
443392,4096,6.529623586,1
227328,737280,7.895338095,1
443392,4096,6.529623586,1
12288,4096,5.321420626,1
262144,4096,6.638141582,1
262144,4096,6.638141582,1
29696,4096,6.499708591,1
214528,4096,6.522309753,1
24064,4096,6.50905037,1
2328576,4096,6.537002983,1
443392,4096,6.529623586,1
26112,688128,6.305497498,1
443392,4096,6.529623586,1
839680,8192,7.959078497,1
262144,4096,6.638141582,1
262144,4096,6.638141582,1
365568,4096,6.544502393,1
32768,4096,6.296861858,1
23040,4096,6.433100348,1
262144,4096,6.638141582,1
28672,4096,6.497884652,1
262144,4096,6.638141582,1
262144,4096,6.638141582,1
146432,8192,5.408148255,1
286720,4096,6.585726497,1
208896,8192,7.970847684,1
443392,4096,6.529623586,1
262144,4096,6.638141582,1
23552,4096,6.417698237,1
66560,4096,6.213917891,1
286720,4096,6.585726497,1
262144,4096,6.638141582,1
286720,4096,6.585726497,1
220672,4096,6.495561068,1
148992,4096,6.594428048,1
4010496,4096,6.589463252,1
443392,4096,6.529623586,1
371712,4096,6.533088779,1
376832,4096,6.627990431,1
128512,4096,6.661658483,1
262144,4096,6.638141582,1
36864,4096,5.656708771,1
139264,4096,6.315550747,1
24576,4096,5.998127908,1
221184,8192,7.949686874,1
23552,4096,6.417698237,1
443392,4096,6.529623586,1
262144,4096,6.638141582,1
602112,4096,6.208124227,1
262144,4096,6.638141582,1
94208,4096,6.451627374,1
1399296,4096,4.072396112,1
373760,4096,6.609466047,1
2442752,4096,2.516482019,1
1135616,4096,6.516507822,1
443392,4096,6.529623586,1
199680,4096,6.594119025,1
262144,4096,6.638141582,1
262144,4096,6.638141582,1
83456,4096,6.571231599,1
24576,4096,6.419409887,1
443392,4096,6.529623586,1
36864,4096,5.656708771,1
262144,4096,6.638141582,1
336384,4096,6.387504335,1
643584,4096,6.625734776,1
630784,4096,6.369588413,1
2328576,4096,6.537002983,1
286720,4096,6.585726497,1
443392,4096,6.529623586,1
905728,4096,7.399510736,1
443392,4096,6.529623586,1
61440,4096,6.404295523,1
56320,4096,4.107231254,1
28160,4096,6.508529563,1
45056,4096,4.90064048,1
286720,4096,6.585726497,1
46080,4096,6.641765057,1
3962880,4096,6.590784985,1
105472,4096,4.603609637,1
0,4096,0,1
43520,4096,6.626436351,1
648704,4096,6.559839485,1
193024,4096,6.715987907,1
518656,4096,6.616752666,1
262144,4096,6.638141582,1
421888,4096,7.82256703,1
330752,4096,6.546005476,1
396288,4096,6.520422752,1
286720,4096,6.585726497,1
262144,4096,6.638141582,1
212992,8192,7.982145762,1
2200064,4096,6.340129652,1
219648,8192,7.067200824,1
74752,4096,6.446000025,1
81920,4096,6.475412995,1
2400768,4096,4.68327726,1
2270720,4096,6.541041679,1
443392,4096,6.529623586,1
2222080,4096,2.905750415,1
3778560,4096,6.585973483,1
262144,4096,6.638141582,1
443392,4096,6.529623586,1
443392,4096,6.529623586,1
131072,4096,6.514991038,1
24064,4096,6.50905037,1
340992,4096,6.559965565,1
262144,4096,6.638141582,1
17408,4096,5.987075076,1
688128,4096,7.700249434,1
262144,4096,6.638141582,1
58880,4096,6.599820365,1
23552,4096,6.417698237,1
88576,4096,5.041181694,1
443392,4096,6.529623586,1
262144,4096,6.638141582,1
166912,4096,7.416177765,1
1503744,4096,3.898534326,1
100352,8192,7.255932025,1
4123648,4096,6.602800732,1
1785856,8192,6.891589365,1
262144,4096,6.638141582,1
391168,4096,6.555416933,1
62464,4096,6.375213504,1
4096,4096,5.456944525,1
12288,8192,5.326479298,1
8192,139264,0,1
3627520,4096,6.574131761,1
262144,4096,6.638141582,1
153088,4096,6.696470064,1
1039360,8192,7.622177228,1
0,4096,0,1
59392,4096,6.629163923,1
94208,4096,6.45444174,1
72192,4096,6.558488141,1
75264,4096,6.620962492,1
23040,4096,6.433100348,1
2707456,4096,6.401465688,1
286720,4096,6.585726497,1
443392,4096,6.529623586,1
262144,4096,6.638141582,1
43008,4096,6.616437994,1
371712,4096,6.533088779,1
71680,4096,5.531243548,1
262144,4096,6.638141582,1
262144,4096,6.638141582,1
262144,4096,6.638141582,1
286720,4096,6.585726497,1
41472,4096,6.643749029,1
443392,4096,6.529623586,1
580096,4096,6.620875824,1
262144,4096,6.638141582,1
4003328,4096,6.581050281,1
262144,4096,6.638141582,1
96256,4096,5.249111052,1
92672,4096,6.43956565,1
39424,8192,6.573946043,1
7827456,8192,7.973585266,1
443392,4096,6.529623586,1
63488,4096,6.605769804,1
5632,8192,5.389391561,1
23552,4096,6.417698237,1
22528,4096,6.465490109,1
262144,4096,6.638141582,1
262144,4096,6.638141582,1
8940544,4096,6.721743045,1
331264,4096,6.60431385,1
433664,4096,6.622787541,1
443392,4096,6.529623586,1
87552,4096,5.746513323,1
4115456,4096,6.598264582,1
443392,4096,6.529623586,1
1647616,4096,6.551387272,1
366592,4096,6.555166343,1
3962880,4096,6.590784985,1
286720,4096,6.585726497,1
286720,4096,6.585726497,1
4123648,4096,6.602800732,1
18432,4096,6.437403831,1
262144,4096,6.638141582,1
1974272,4096,6.523424146,1
43520,4096,6.612292097,1
151552,4096,7.361111314,1
4005376,4096,6.582289517,1
17408,8192,5.469576859,1
23040,4096,6.433100348,1
63488,4096,6.559205376,1
262144,4096,6.638141582,1
262656,4096,6.614832543,1
3036672,4096,6.581538626,1
15360,4096,6.524583449,1
262144,4096,6.638141582,1
3036672,4096,6.581538626,1
4123648,4096,6.602800732,1
283648,8192,7.638214031,1
23552,4096,6.417698237,1
24576,4096,6.42419454,1
1042432,4096,6.492006427,1
286720,4096,6.585726497,1
443392,4096,6.529623586,1
262144,4096,6.638141582,1
22016,4096,3.494046867,1
366592,4096,6.555166343,1
2200064,4096,6.34013023,1
262144,4096,6.638141582,1
2104320,4096,4.195805697,1
406528,4096,6.60982475,1
2200064,4096,6.34013023,1
237568,8192,7.97067419,1
515072,4096,6.534647082,1
371712,4096,6.533088779,1
261120,4096,6.591778572,1
443392,4096,6.529623586,1
23040,4096,6.433100348,1
24064,4096,6.410392275,1
443392,4096,6.529623586,1
173056,4096,6.632186566,1
23552,4096,6.403453618,1
87040,4096,5.896052153,1
51712,4096,6.62414442,1
262144,4096,6.638141582,1
9728,4096,5.823472981,1
262144,4096,6.638141582,1
67072,8192,6.57514435,1
41472,4096,6.643749029,1
23552,4096,6.417698237,1
4049408,4096,6.564001924,1
2328576,4096,6.537002983,1
717824,4096,7.737105947,1
262144,4096,6.638141582,1
1463808,4096,4.917485999,1
2442752,4096,2.51664991,1
2460160,8192,7.975364463,1
291328,4096,6.943311707,1
102400,4096,7.686847743,1
24064,106496,3.250155681,1
985600,4096,6.451807852,1
2464256,4096,6.348368564,1
61952,4096,6.391482648,1
23552,4096,6.422249495,1
32768,4096,6.296861858,1
311296,4096,6.309166569,1
47104,4096,6.749232297,1
23040,4096,6.433100348,1
262144,4096,6.638141582,1
336384,4096,6.38773508,1
262144,4096,6.638141582,1
207872,8192,4.219694427,1
409600,4096,6.593088803,1
443392,4096,6.529623586,1
23552,4096,6.476389095,1
221184,8192,7.957890696,1
262144,4096,6.638141582,1
72704,4096,6.541142538,1
2200064,4096,6.34013023,1
483328,8192,7.956611687,1
262144,4096,6.638141582,1
63488,4096,6.636505742,1
2464256,4096,6.348368564,1
34304,4096,6.320526182,1
700416,4096,6.279379347,1
74752,4096,6.555548101,1
91648,4096,6.530260562,1
262144,4096,6.638141582,1
443392,4096,6.529623586,1
61952,4096,6.391482648,1
23040,4096,6.433100348,1
488448,4096,6.591464681,1
262144,4096,6.638141582,1
9728,4096,6.005567328,1
262144,4096,6.638141582,1
419328,4096,6.622503098,1
114176,4096,6.710525332,1
4017152,4096,6.568338634,1
3649536,4096,6.56867876,1
581632,4096,6.675248352,1
443392,4096,6.529623586,1
56832,4096,5.662342541,1
209920,4096,6.424337292,1
24064,4096,6.440105549,1
8192,4096,5.665049694,1
443392,4096,6.529623586,1
262144,4096,6.638141582,1
490496,4096,6.62084987,1
623616,4096,7.462396256,1
686592,4096,7.645704436,1
114176,4096,6.710525332,1
443392,4096,6.529623586,1
2705920,4096,6.561553953,1
262144,4096,6.638141582,1
413696,4096,6.602139511,1
92672,4096,6.429277913,1
49152,4096,6.526862851,1
262144,4096,6.638141582,1
443392,4096,6.529623586,1
443392,4096,6.529623586,1
262144,4096,6.638141582,1
624640,4096,6.568149866,1
1925120,4096,6.179826102,1
354304,8192,6.436353048,1
569344,4096,7.17299736,1
70144,4096,6.561409512,1
262144,4096,6.638141582,1
40448,4096,6.625528641,1
221184,4096,4.751945174,1
49664,4096,5.056927573,1
23040,4096,6.433100348,1
443392,4096,6.529623586,1
46592,4096,6.61795262,1
87040,4096,6.575386421,1
443392,4096,6.529623586,1
44544,4096,6.659644369,1
1125376,4096,7.777619061,1
286720,4096,6.585726497,1
23040,4096,6.433100348,1
286720,4096,6.585726497,1
443392,4096,6.529623586,1
78336,4096,5.609638723,1
443392,4096,6.529623586,1
262144,4096,6.638141582,1
536576,4096,7.653928198,1
23040,4096,6.433100348,1
262144,4096,6.638141582,1
212992,8192,7.982740937,1
23552,4096,6.393542996,1
1052672,4096,7.999784612,1
262144,4096,6.638141582,1
23040,4096,6.433100348,1
37888,4096,6.563139352,1
39936,16384,6.597969682,1
112128,4096,4.926923191,1
89088,4096,6.469801579,1
262144,4096,6.638141582,1
258048,4096,6.579678341,1
371712,4096,6.533088779,1
262144,4096,6.638141582,1
1959424,4096,3.03967455,1
698368,4096,6.501788621,1
462336,8192,7.253209285,1
262144,4096,6.638141582,1
25600,4096,6.480215777,1
115200,4096,6.688575504,1
368640,8192,7.982414726,1
286720,4096,6.585726497,1
142848,8192,4.307794375,1
335872,4096,6.463056378,1
371712,4096,6.533088779,1
262144,4096,6.638141582,1
262144,4096,6.638141582,1
1024000,4096,6.474237417,1
23552,4096,6.417698237,1
4049408,4096,6.564001924,1
262144,4096,6.638141582,1
339968,4096,6.175988415,1
443392,4096,6.529623586,1
62464,4096,6.375213504,1
1935872,4096,6.521100414,1
443392,4096,6.529623586,1
262144,4096,6.638141582,1
118784,4096,7.145792314,1
262144,4096,6.638141582,1
262144,4096,6.638141582,1
443392,4096,6.529623586,1
286720,4096,6.585726497,1
115712,4096,5.475236189,1
34304,4096,6.320526182,1
84480,36864,7.222374453,1
262144,4096,6.638141582,1
443392,4096,6.529623586,1
127488,4096,4.388770766,1
262144,4096,6.638141582,1
122880,4096,4.094470348,1
67584,4096,6.640323197,1
1503744,4096,3.912834909,1
262144,4096,6.638141582,1
8192,4096,6.357197968,1
15872,245760,6.403132694,1
40448,4096,6.631765877,1
286720,4096,6.585726497,1
443392,4096,6.529623586,1
69632,4096,6.091706157,1
262144,4096,6.638141582,1
331264,4096,6.60431385,1
240640,8192,7.986036916,1
262144,4096,6.638141582,1
262144,4096,6.638141582,1
379392,4096,6.602708504,1
286720,4096,6.585726497,1
365568,4096,6.544502393,1
521728,4096,7.999610784,1
3962880,4096,6.590784985,1
23552,4096,6.476389095,1
3036672,4096,6.581538626,1
512,4096,5.064079901,1
366592,4096,6.555166343,1
262144,4096,6.638141582,1
286720,4096,6.585726497,1
38400,4096,6.192057151,1
262144,4096,6.638141582,1
443392,4096,6.529623586,1
262144,4096,6.638141582,1
638976,4096,6.272502858,1
262144,4096,6.638141582,1
66560,4096,6.618206576,1
443392,4096,6.529623586,1
1125376,4096,7.777348664,1
25088,4096,6.43434282,1
23552,4096,6.500361361,1
25600,4096,6.327175198,1
262144,4096,6.638141582,1
540160,16384,7.767507648,1
1097728,4096,6.560510954,1
391168,4096,6.555416933,1
220672,4096,6.495327543,1
338944,4096,6.513663219,1
62464,4096,6.375213504,1
43008,4096,6.668413808,1
365568,4096,6.544502393,1
4017152,4096,6.568338634,1
85504,4096,4.953244336,1
81920,4096,6.885704943,1
53248,4096,6.32112966,1
36864,4096,5.656708771,1
536576,4096,7.186458344,1
483328,4096,7.643473061,1
262144,4096,6.638141582,1
249344,4096,6.631487886,1
37888,4096,6.562232258,1
3226112,4096,6.555169128,1
262144,4096,6.638141582,1
28160,4096,6.508529563,1
4454912,4096,6.583229237,1
8192,4096,6.014453002,1
87552,4096,6.598552564,1
371712,4096,6.533088779,1
79872,4096,6.492048294,1
1935872,4096,6.521100414,1
360448,4096,6.627796436,1
286720,4096,6.585726497,1
1446400,4096,6.647573889,1
262144,4096,6.638141582,1
2328576,4096,6.537002983,1
38912,4096,6.162575811,1
4193280,4096,6.579609522,1
1592832,4096,7.999841606,1
443392,4096,6.529623586,1
262144,4096,6.638141582,1
443392,4096,6.529623586,1
686592,4096,7.645369803,1
65536,4096,6.251076287,1
262144,4096,6.638141582,1
175616,4096,4.08171092,1
262144,4096,6.638141582,1
43008,4096,6.619141346,1
262144,4096,6.638141582,1
44032,4096,6.626802671,1
2705920,4096,6.561553953,1
371712,4096,6.533088779,1
651264,4096,7.318979821,1
24576,4096,6.067858427,1
2783232,4096,3.335494542,1
88064,4096,6.479477631,1
24576,4096,6.42419454,1
286720,4096,6.585726497,1
241152,8192,7.06415395,1
364544,4096,6.434692978,1
47616,4096,5.557818187,1
122880,4096,6.650714777,1
262144,4096,6.638141582,1
336384,4096,6.387611743,1
23552,4096,6.417698237,1
41472,4096,6.643749029,1
262144,4096,6.638141582,1
1206272,4096,6.528444331,1
412160,65536,7.946801845,1
4241920,4096,6.572945291,1
23552,4096,6.417698237,1
69632,4096,6.158278406,1
24064,4096,6.503273414,1
28672,4096,5.836287273,1
1499648,4096,3.409673377,1
70144,4096,6.561476638,1
154624,8192,7.751058982,1
8192,278528,6.226206426,1
38400,4096,6.176815544,1
3036672,4096,6.581538626,1
1712640,4096,3.479457293,1
262144,4096,6.638141582,1
262144,4096,6.638141582,1
273920,4096,6.339867845,1
3837952,4096,6.587403365,1
2442752,4096,2.516602182,1
577536,4096,6.935057187,1
23040,4096,6.433100348,1
262144,4096,6.638141582,1
74752,4096,6.555548101,1
122880,4096,6.650661481,1
36864,4096,5.656708771,1
690176,4096,6.568451889,1
1410560,4096,4.058271813,1
371712,4096,6.533088779,1
262144,4096,6.638141582,1
286720,4096,6.585726497,1
286720,4096,6.585726497,1
114176,4096,6.596289486,1
628736,4096,7.543241514,1
89600,8192,6.41031752,1
396288,4096,6.519908734,1
1839616,4096,3.207082648,1
4193280,4096,6.579609522,1
23552,4096,6.476389095,1
62464,4096,6.375213504,1
36352,4096,5.247616061,1
262144,4096,6.638141582,1
97280,4096,4.599792334,1
587264,4096,6.561262383,1
46592,4096,6.618405431,1
443392,4096,6.529623586,1
443392,4096,6.529623586,1
4454912,4096,6.583229237,1
4055552,4096,6.577699486,1
782336,4096,6.62213977,1
1200640,4096,6.651950517,1
1410560,4096,4.057856924,1
1257472,4096,5.975682201,1
47104,4096,6.75285547,1
135680,4096,6.608053754,1
41472,4096,6.643749029,1
262144,4096,6.638141582,1
24064,4096,6.440105549,1
221184,8192,7.227695948,1
82944,4096,6.536877919,1
262144,4096,6.638141582,1
443392,4096,6.529623586,1
16896,278528,6.483206546,1
334336,4096,6.373961864,1
1935872,4096,6.521100414,1
286720,4096,6.585726497,1
94208,4096,6.454440111,1
23552,4096,6.474626549,1
32768,4096,6.296861858,1
392704,8192,7.722237212,1
12288,4096,5.497601395,1
23040,4096,6.433100348,1
3036672,4096,6.581538626,1
70656,4096,6.565925712,1
221184,8192,7.045750998,1
286720,4096,6.585726497,1
2705920,4096,6.561553953,1
443392,4096,6.529623586,1
4049408,4096,6.564001924,1
23552,4096,6.417698237,1
905728,4096,7.399915059,1
262144,4096,6.638141582,1
60928,4096,6.530680228,1
25600,4096,6.479451209,1
443392,4096,6.529623586,1
1058304,4096,6.596388508,1
340992,4096,6.559965565,1
40448,4096,6.631765877,1
418304,4096,6.602472148,1
233472,4096,6.146476985,1
23040,4096,6.433100348,1
262144,4096,6.638141582,1
443392,4096,6.529623586,1
3036672,4096,6.581538626,1
229376,8192,7.334806945,1
23040,4096,6.433100348,1
23040,4096,6.433100348,1
581632,4096,6.675248352,1
89088,4096,5.073260501,1
104448,4096,6.608227154,1
281600,4096,6.825679216,1
378880,4096,6.590632299,1
19968,4096,6.39637537,1
443392,4096,6.529623586,1
48640,4096,6.648732273,1
262144,4096,6.638141582,1
286720,4096,6.585726497,1
262144,4096,6.638141582,1
558080,4096,6.523089902,1
23040,4096,6.433100348,1
67584,4096,6.410510078,1
299520,4096,6.491455026,1
1185792,4096,6.482025357,1
366592,4096,6.555166343,1
83456,4096,6.571231599,1
262144,4096,6.638141582,1
262144,4096,6.638141582,1
262144,4096,6.638141582,1
24576,4096,6.42419454,1
62464,4096,6.375213504,1
286720,4096,6.585726497,1
503808,4096,7.605495524,1
4003328,4096,6.581050281,1
23040,4096,6.433100348,1
24064,4096,6.440105549,1
262144,4096,6.638141582,1
61952,4096,6.524903423,1
22528,4096,6.458009228,1
23040,4096,6.433100348,1
23040,4096,6.432719424,1
4454912,4096,6.583229237,1
3226112,4096,6.555169128,1
539136,4096,6.228261799,1
443392,4096,6.529623586,1
2442752,4096,2.516744092,1
262144,4096,6.638141582,1
492544,4096,6.746520813,1
2464256,4096,6.348368564,1
443392,4096,6.529623586,1
262144,4096,6.638141582,1
262144,4096,6.638141582,1
434688,4096,6.619176538,1
1125376,4096,7.777608343,1
443392,4096,6.529623586,1
1974272,4096,6.523424146,1
443392,4096,6.529623586,1
140800,4096,6.643108498,1
4000256,4096,6.588355695,1
262144,4096,6.638141582,1
158720,4096,6.550066265,1
443392,4096,6.529623586,1
262144,4096,6.638141582,1
262144,4096,6.638141582,1
332288,4096,6.561290902,1
3627520,4096,6.574131761,1
262144,4096,6.638141582,1
262144,4096,6.638141582,1
53248,4096,6.31464104,1
371712,4096,6.533088779,1
365568,4096,6.544502393,1
443392,4096,6.529623586,1
286720,4096,6.585726497,1
906240,8192,7.945767417,1
100864,4096,7.923849455,1
481280,4096,6.681938589,1
581632,4096,6.675248352,1
59904,4096,6.571847998,1
72704,4096,6.062930673,1
688128,24576,6.056302308,1
262144,4096,6.638141582,1
43520,4096,6.628170187,1
443392,4096,6.529623586,1
36864,4096,6.493017157,1
262144,4096,6.638141582,1
51712,4096,6.427493834,1
49152,4096,6.639171759,1
400896,4096,6.590799179,1
443392,4096,6.529623586,1
32768,4096,6.466568221,1
208896,8192,7.958509116,1
262144,4096,6.638141582,1
262144,4096,6.638141582,1
366592,4096,6.563300334,1
28160,4096,6.508529563,1
262144,4096,6.638141582,1
83456,4096,6.571231599,1
221184,8192,7.957080087,1
35328,4096,6.58458679,1
10752,8192,5.432596153,1
219136,4096,6.019895817,1
371712,4096,6.533088779,1
22578176,8192,7.655077685,1
58368,4096,6.645885484,1
2212352,4096,6.54610895,1
79872,4096,6.470703195,1
336384,4096,6.387646564,1
623616,4096,7.462839996,1
467456,8192,6.589363585,1
286720,4096,6.585726497,1
1563648,4096,6.505794384,1
198144,4096,6.974054327,1
372736,4096,6.501594027,1
95744,253952,5.974706104,1
12288,4096,5.341219946,1
905728,4096,7.400971056,1
262144,4096,6.638141582,1
114176,4096,6.710525332,1
379904,8192,6.981603578,1
3654144,4096,6.574634806,1
55296,8192,5.500809452,1
443392,4096,6.529623586,1
23552,4096,6.417698237,1
79872,4096,6.492048294,1
262144,4096,6.638141582,1
3627520,4096,6.574131761,1
4010496,4096,6.589463252,1
208896,8192,7.954828777,1
74752,4096,6.555548101,1
1083904,4096,3.806595995,1
419328,4096,6.485671081,1
32768,4096,6.296861858,1
331264,4096,6.60431385,1
53760,4096,6.655472014,1
860160,4096,7.50166489,1
249344,4096,6.632037351,1
25088,4096,6.454318161,1
12288,4096,4.882528774,1
15872,4096,6.271900621,1
126976,4096,4.171339064,1
1935872,4096,6.521100414,1
3627520,4096,6.574131761,1
74752,4096,6.553885727,1
29184,4096,6.492320281,1
262144,4096,6.638141582,1
28160,4096,6.508529563,1
59392,4096,6.629415436,1
72704,4096,6.541142538,1
2705920,4096,6.561553953,1
49152,4096,6.641969426,1
172544,8192,3.158559206,1
286720,4096,6.585726497,1
1974272,4096,6.523424146,1
41472,4096,6.643749029,1
262144,4096,6.638141582,1
102400,4096,6.412051076,1
4115456,4096,6.598264582,1
2200064,4096,6.34013023,1
28672,4096,5.121888838,1
254976,8192,7.883286685,1
32768,4096,6.570272009,1
540672,4096,6.971764439,1
47104,4096,6.629225221,1
2464256,4096,6.348368564,1
17920,4096,6.373339725,1
262144,8192,7.861503899,1
443392,4096,6.529623586,1
443392,4096,6.529623586,1
4000256,4096,6.588355695,1
443392,4096,6.529623586,1
1295872,4096,7.999850408,1
2464256,4096,6.348368564,1
4049408,4096,6.564001924,1
93184,4096,4.656737107,1
91136,4096,6.577662118,1
0,4096,0,1
274432,4096,6.335240834,1
62464,4096,6.375213504,1
40448,4096,6.614427321,1
48128,4096,6.661068221,1
262144,4096,6.638141582,1
43520,24576,6.152707804,1
44544,4096,6.661100537,1
262144,4096,6.638141582,1
15872,8192,4.528071811,1
70656,4096,6.565789806,1
1179136,8192,7.979750336,1
1024,4096,4.480973909,1
61952,4096,6.391482648,1
262144,4096,6.638141582,1
481280,4096,6.681938589,1
64000,4096,6.449841501,1
105472,4096,4.434792849,1
598016,4096,6.254033096,1
81920,4096,6.063895825,1
443392,4096,6.529623586,1
4353024,4096,6.581411346,1
262144,4096,6.638141582,1
61952,4096,6.391482648,1
630784,4096,6.385058873,1
29696,4096,6.499708591,1
79872,4096,6.471119512,1
61952,4096,6.391482648,1
71680,4096,6.057207802,1
2274816,4096,6.545822446,1
24064,4096,6.50905037,1
26624,4096,6.504610299,1
345600,4096,6.617258062,1
905728,4096,7.398912191,1
443392,4096,6.529623586,1
286720,4096,6.585726497,1
3233280,4096,6.579060301,1
371712,4096,6.533088779,1
2200064,4096,6.34013023,1
344064,8192,3.612982352,1
153088,4096,6.696470064,1
443392,4096,6.529623586,1
286720,4096,6.585726497,1
4193280,4096,6.579609522,1
47104,4096,6.750846309,1
2979328,4096,3.116653259,1
357888,4096,6.628487129,1
633344,4096,6.715724878,1
120832,4096,4.126695494,1
74752,4096,6.555548101,1
1298944,4096,7.999825115,1
104960,4096,6.608494418,1
114176,4096,6.710525332,1
236544,4096,6.599324006,1
262144,4096,6.638141582,1
80384,4096,6.481378581,1
129024,4096,6.398289192,1
483328,8192,7.957264575,1
262144,4096,6.638141582,1
262144,4096,6.638141582,1
4096,4096,5.713272224,1
23552,4096,6.417698237,1
108032,4096,4.473934767,1
262144,4096,6.638141582,1
62464,4096,6.375213504,1
993280,4096,3.886236914,1
62464,4096,6.294447129,1
443392,4096,6.529623586,1
128000,4096,4.236402953,1
23552,4096,6.417698237,1
77824,4096,6.42376684,1
262144,4096,6.638141582,1
2705920,4096,6.561553953,1
13312,8192,5.632226514,1
23040,4096,6.433100348,1
388096,4096,6.516356037,1
778752,4096,6.35791327,1
262144,4096,6.638141582,1
360960,4096,6.523891074,1
128512,4096,6.661712336,1
4075520,4096,6.578085994,1
443392,4096,6.529623586,1
38912,4096,6.148733164,1
663040,4096,7.175453788,1
443392,4096,6.529623586,1
20480,4096,6.372856785,1
262144,4096,6.638141582,1
262144,4096,6.638141582,1
4049408,4096,6.564001924,1
24576,4096,6.405375501,1
23040,4096,6.433100348,1
23552,4096,6.417698237,1
422400,4096,6.617381875,1
262144,4096,6.638141582,1
1605120,4096,3.493985119,1
79872,4096,6.492048294,1
44032,4096,6.612957199,1
373760,4096,6.648475876,1
1463808,4096,4.916815135,1
262144,4096,6.638141582,1
24576,4096,6.440655734,1
262144,4096,6.638141582,1
443392,4096,6.529623586,1
2705920,4096,6.561553953,1
262144,4096,6.638141582,1
520192,4096,7.473374192,1
262144,4096,6.638141582,1
2705920,4096,6.561553953,1
323584,4096,6.367344561,1
262144,4096,6.638141582,1
3036672,4096,6.581538626,1
241664,8192,7.972509365,1
519168,4096,6.4923067,1
717824,4096,7.737610476,1
262144,4096,6.638141582,1
262144,4096,6.638141582,1
9728,4096,5.823472981,1
24576,4096,6.499697507,1
38912,4096,6.505233748,1
43520,4096,6.690532532,1
262144,4096,6.638141582,1
443392,4096,6.529623586,1
262144,4096,6.638141582,1
28672,4096,6.497884652,1
443392,4096,6.529623586,1
3418112,4096,6.565265149,1
62464,4096,6.375213504,1
262144,4096,6.638141582,1
44544,4096,6.660550586,1
443392,4096,6.529623586,1
23552,4096,6.417698237,1
376832,4096,6.644509602,1
448512,4096,6.594125948,1
262144,4096,6.638141582,1
262144,4096,6.638141582,1
121856,4096,7.596188995,1
581632,4096,7.271901476,1
937984,4096,6.622346048,1
62464,4096,6.375213504,1
28160,4096,6.508529563,1
38912,4096,6.155517743,1
2472448,4096,6.349300606,1
371712,4096,6.533088779,1
1058304,4096,7.999716379,1
580096,4096,6.553417346,1
262144,4096,6.638141582,1
569856,4096,6.585792223,1
62464,4096,6.375213504,1
1241088,4096,6.405317198,1
3036672,4096,6.581538626,1
696832,4096,7.300912756,1
262144,4096,6.638141582,1
262144,4096,6.638141582,1
262144,4096,6.638141582,1
2447360,4096,2.529536431,1
80896,4096,6.582463279,1
443392,4096,6.529623586,1
366592,4096,6.563300334,1
286720,4096,6.585726497,1
345600,4096,4.721280531,1
896000,4096,7.404538637,1
336384,4096,6.3874312,1
443392,4096,6.529623586,1
169472,376832,6.41788009,1
14848,4096,6.221028235,1
67072,4096,3.617586853,1
24576,4096,4.162439202,1
443392,4096,6.529623586,1
3550208,4096,6.597620103,1
3627520,4096,6.574131761,1
69632,4096,6.466927217,1
520192,4096,7.372173094,1
443392,4096,6.529623586,1
189952,8192,7.888663078,1
3627520,4096,6.574131761,1
71168,4096,6.181924398,1
46080,4096,6.690624301,1
43520,4096,5.860005924,1
443392,4096,6.529623586,1
443392,4096,6.529623586,1
6656,8192,5.177574622,1
481280,4096,6.681938589,1
399360,4096,6.548413448,1
28672,4096,6.497884652,1
262144,4096,6.638141582,1
157696,4096,7.998727554,1
48128,4096,6.356534614,1
2707968,4096,6.562713658,1
262144,4096,6.638141582,1
147968,4096,3.323640506,1
443392,4096,6.529623586,1
117760,4096,4.394980222,1
262144,4096,6.638141582,1
24576,4096,6.446030188,1
118784,4096,6.24182626,1
23552,4096,6.482475325,1
23040,4096,6.433100348,1
2200064,4096,6.340129652,1
418816,4096,6.529195414,1
239616,4096,6.60588772,1
371712,4096,6.533088779,1
98304,4096,1.098288521,1
48640,4096,6.64504854,1
61952,4096,6.391482648,1
262144,4096,6.638141582,1
204288,4096,6.511385599,1
114176,4096,6.710525332,1
24064,4096,6.449957629,1
483328,8192,7.956719575,1
151552,4096,7.378296618,1
443392,4096,6.529623586,1
93184,4096,6.100816036,1
98304,4096,1.082202372,1
23552,4096,6.417698237,1
23040,4096,6.433100348,1
61952,4096,6.391482648,1
262144,4096,6.638141582,1
8192,4096,5.545949524,1
307200,4096,6.410077984,1
92672,4096,6.671089301,1
404480,4096,6.580311913,1
696832,4096,7.300660503,1
3603456,4096,6.580391461,1
262144,4096,6.638141582,1
262144,4096,6.638141582,1
622592,4096,6.327765712,1
262144,4096,6.638141582,1
581120,4096,6.67587544,1
8704,4096,6.096939721,1
2707968,4096,6.562713658,1
262144,4096,6.638141582,1
443392,4096,6.529623586,1
52224,4096,6.647160399,1
937984,4096,6.622346048,1
61952,4096,6.39164665,1
443392,4096,6.529623586,1
32768,4096,6.296861858,1
65024,4096,6.628322038,1
392704,4096,6.500197202,1
262144,4096,6.638141582,1
7168,8192,5.333807599,1
466944,4096,4.248658525,1
23040,4096,6.433100348,1
2045440,4096,5.057773463,1
115200,4096,3.994829255,1
83456,4096,6.571231599,1
262144,4096,6.638141582,1
286720,4096,6.585726497,1
2270720,4096,6.541041679,1
61952,4096,6.391482648,1
945664,4096,3.431663686,1
262144,4096,6.638141582,1
23040,4096,6.433100348,1
61952,4096,6.391482648,1
61952,4096,6.664175121,1
1701376,4096,5.944719299,1
28160,4096,6.508529563,1
29184,4096,6.303238315,1
4241920,4096,6.572945291,1
3584,4096,5.61007602,1
28672,4096,6.497884652,1
143872,8192,6.340920902,1
371712,4096,6.533088779,1
4014080,4096,6.585212512,1
1253888,4096,6.620609915,1
262144,4096,6.638141582,1
262144,4096,6.638141582,1
2442752,4096,2.51655577,1
24064,4096,6.440105549,1
23552,4096,6.417698237,1
61952,4096,6.391482648,1
46592,4096,6.618131105,1
100352,4096,1.25139721,1
23040,4096,6.433100348,1
41472,4096,6.643749029,1
2676224,4096,6.395373955,1
124416,8192,3.954210402,1
33792,4096,6.468581089,1
1061376,4096,5.044440575,1
53248,4096,6.282607152,1
2262528,4096,3.04690738,1
645632,8192,7.966373911,1
262144,4096,6.638141582,1
2400768,4096,4.683507023,1
1842176,4096,7.616401387,1
1182720,4096,6.599044362,1
443392,4096,6.529623586,1
2705920,4096,6.561553953,1
262144,4096,6.638141582,1
778240,4096,6.256919581,1
443392,4096,6.529623586,1
2270720,4096,6.541041679,1
454656,4096,7.762028791,1
24064,4096,6.50905037,1
239104,8192,7.981947882,1
262144,4096,6.638141582,1
443392,4096,6.529623586,1
12288,4096,6.60574141,1
37888,4096,6.562232258,1
221184,8192,6.986344665,1
143360,4096,4.310680278,1
42496,4096,6.652257466,1
262144,4096,6.638141582,1
7987200,8192,4.678729152,1
357888,4096,6.547786021,1
122880,4096,6.650633023,1
443392,4096,6.529623586,1
42496,4096,6.636602531,1
333824,4096,6.316384379,1
99840,4096,5.612325723,1
262144,4096,6.638141582,1
443392,4096,6.529623586,1
443392,4096,6.529623586,1
61440,4096,6.404295523,1
2229760,4096,6.552476539,1
91648,4096,6.530252267,1
1974272,4096,6.523424146,1
443392,4096,6.529623586,1
115200,4096,5.478465454,1
1096704,4096,6.684139862,1
1743872,8192,6.388599551,1
200704,4096,5.893919122,1
443392,4096,6.529623586,1
74240,4096,6.048046871,1
1152000,4096,6.642260965,1
2705920,4096,6.561553953,1
1527296,4096,3.769816048,1
443392,4096,6.529623586,1
323584,8192,7.99420833,1
62464,4096,6.375213504,1
286720,4096,6.585726497,1
2274816,4096,6.545822446,1
23552,4096,6.417698237,1
397824,4096,6.640818571,1
4049408,4096,6.564001924,1
97792,4096,4.720146783,1
443392,4096,6.529623586,1
114688,4096,4.55402207,1
217088,8192,7.984065269,1
3627520,4096,6.574131761,1
77824,4096,5.2199066,1
25600,4096,6.442195364,1
107008,4096,6.619263712,1
45568,4096,6.645789302,1
221184,8192,7.949530557,1
262144,4096,6.638141582,1
421888,4096,7.076758858,1
4010496,4096,6.589463252,1
3962880,4096,6.590784985,1
371712,4096,6.533088779,1
28160,4096,6.508529563,1
204800,8192,5.578037986,1
430592,4096,6.619766075,1
896000,4096,7.404990064,1
323072,4096,6.337442824,1
79872,4096,6.470729071,1
233472,8192,6.999268004,1
262144,4096,6.638141582,1
1841664,4096,3.376750277,1
74752,4096,6.555548101,1
262144,4096,6.638141582,1
4115456,4096,6.598264582,1
366592,4096,6.555166343,1
150016,4096,3.422736566,1
1024,4096,4.480973909,1
1283072,4096,6.384289259,1
262144,4096,6.638141582,1
16384,4096,6.396102204,1
443392,4096,6.529623586,1
221184,8192,7.949353869,1
131584,4096,4.35649302,1
443392,4096,6.529623586,1
57344,4096,6.582635474,1
1912320,4096,6.595962963,1
655360,4096,6.296420416,1
59904,688128,6.225421441,1
173568,237568,7.144246221,1
73728,4096,6.01637588,1
473088,4096,6.412196179,1
443392,4096,6.529623586,1
62464,4096,6.375213504,1
107520,4096,4.883742629,1
204288,4096,6.511363398,1
262144,4096,6.638141582,1
62464,4096,6.375213504,1
262144,4096,6.638141582,1
262144,4096,6.638141582,1
3036672,4096,6.581538626,1
1294336,4096,5.877116228,1
371712,4096,6.533088779,1
418304,4096,6.592591449,1
719360,8192,7.947777311,1
376832,4096,6.646296218,1
23040,4096,6.433100348,1
41472,4096,6.643749029,1
643584,4096,6.625734776,1
443392,4096,6.529623586,1
1405952,4096,6.545198163,1
2707456,4096,6.40731707,1
262144,4096,6.638141582,1
48128,4096,2.422298214,1
3837952,4096,6.587403365,1
46080,4096,6.596070658,1
16384,4096,5.29379616,1
262144,4096,6.638141582,1
3036672,4096,6.581538626,1
23552,4096,6.417698237,1
392704,4096,6.491761379,1
123904,4096,6.34424455,1
286720,4096,6.585726497,1
901120,4096,7.521098128,1
8192,8192,5.495937915,1
262144,4096,6.638141582,1
443392,4096,6.529623586,1
393728,4096,6.667377174,1
3962880,4096,6.590784985,1
36352,4096,4.566222231,1
507392,4096,6.55313833,1
396288,4096,6.519650422,1
307200,4096,6.355497183,1
262144,4096,6.638141582,1
135168,4096,6.621622506,1
286720,4096,6.585726497,1
634880,4096,6.252110223,1
24064,4096,6.50905037,1
809472,4096,6.50529673,1
443392,4096,6.529623586,1
31744,4096,6.127510478,1
443392,4096,6.529623586,1
443392,4096,6.529623586,1
262144,4096,6.638141582,1
262144,4096,6.638141582,1
262144,4096,6.638141582,1
62464,4096,6.215271473,1
443392,4096,6.529623586,1
1201664,4096,6.652171403,1
262144,4096,6.638141582,1
262144,4096,6.638141582,1
62464,4096,6.375213504,1
376832,4096,6.646296218,1
24064,4096,6.440105549,1
262144,4096,6.638141582,1
167936,4096,6.760272886,1
23040,4096,6.433100348,1
1061376,4096,6.499211098,1
462848,4096,7.635360962,1
36864,4096,6.614812739,1
184320,4096,6.655889753,1
40448,4096,6.631603396,1
2045440,4096,5.057804532,1
0,4096,0,1
3226112,4096,6.555169128,1
443392,4096,6.529623586,1
3226112,4096,6.555169128,1
262144,4096,6.638141582,1
286720,4096,6.585726497,1
62464,4096,6.375213504,1
262144,4096,6.638141582,1
23040,4096,6.433100348,1
443392,4096,6.529623586,1
126976,4096,6.166918844,1
28160,4096,6.508529563,1
24064,4096,6.50905037,1
1049088,4096,5.131593629,1
28160,4096,6.508529563,1
443392,4096,6.529623586,1
128512,4096,4.290585814,1
62464,4096,6.375213504,1
262144,4096,6.638141582,1
1339392,4096,3.993033593,1
72192,4096,6.627698342,1
2132992,4096,6.527806008,1
443392,4096,6.529623586,1
116736,8192,6.598075623,1
286720,4096,6.585726497,1
3072,8192,4.915516095,1
40448,4096,6.631747641,1
62464,4096,6.375213504,1
460288,4096,6.609510821,1
31232,770048,6.852540002,1
262144,4096,6.638141582,1
40960,4096,6.322439072,1
362496,4096,6.674120749,1
212992,8192,7.982972579,1
49152,4096,6.54055165,1
1278976,4096,6.555223598,1
3779072,4096,6.586950422,1
23040,4096,6.433100348,1
4049408,4096,6.564001924,1
371712,4096,6.533088779,1
262144,4096,6.638141582,1
28160,4096,3.019815371,1
262144,4096,6.638141582,1
1298944,4096,7.999805987,1
262144,4096,6.638141582,1
52224,4096,6.445692113,1
118784,4096,6.568086259,1
1970688,4096,5.37814909,1
9728,4096,5.823472981,1
62464,4096,6.375213504,1
68096,4096,3.632617344,1
32768,4096,6.296861858,1
623616,4096,7.462353289,1
443392,4096,6.529623586,1
2705920,4096,6.561553953,1
539136,4096,6.228258473,1
262144,4096,6.638141582,1
12611584,4096,6.722871692,1
443392,4096,6.529623586,1
27648,8192,5.619310371,1
566784,4096,6.60944145,1
262144,4096,6.638141582,1
4241920,4096,6.572945291,1
366592,4096,6.555166343,1
371712,4096,6.533088779,1
262144,4096,6.638141582,1
121856,4096,3.975458908,1
23552,4096,6.417698237,1
3584,8192,4.811009983,1
198144,4096,6.615491113,1
37888,4096,6.610479321,1
286720,4096,6.585726497,1
130560,4096,6.596506315,1
1008640,4096,6.642066258,1
16384,4096,5.973538469,1
460288,4096,6.606894656,1
3036672,4096,6.581538626,1
499712,4096,7.492131955,1
3627520,4096,6.574131761,1
1974272,4096,6.523424146,1
443392,4096,6.529623586,1
262144,4096,6.638141582,1
189952,81920,7.958853859,1
105472,4096,7.675352262,1
17408,110592,3.888353433,1
495104,8192,7.391180542,1
3226112,4096,6.555169128,1
62464,4096,6.375213504,1
352256,4096,6.626185242,1
286720,4096,6.585726497,1
12288,4096,5.060619899,1
332288,4096,6.561290902,1
481792,4096,6.606667713,1
906240,8192,6.628925177,1
37376,4096,6.566253816,1
443392,4096,6.529623586,1
443392,4096,6.529623586,1
52224,4096,6.647152028,1
262144,4096,6.638141582,1
61952,4096,6.391482648,1
262144,4096,6.638141582,1
262144,4096,6.638141582,1
2222080,4096,2.905407084,1
1447424,4096,4.191803484,1
601600,8192,6.180393621,1
332288,4096,6.561290902,1
56320,4096,6.544306746,1
262144,4096,6.638141582,1
1622016,8192,6.688225985,1
351232,65536,7.929103946,1
98304,4096,5.597252571,1
477184,4096,6.616131281,1